ps_code,mp_code,monitor_time,pollutant_code,pollutant_name,strength,standard_value,remark,status,data_status,create_time,update_time,day,company
,,,,,,,,,,,,20231001,温州龙湾伟明环保能源有限公司
,,,,,,,,,,,,20231001,哈尔滨市双琦环保资源利用有限公司
,,,,,,,,,,,,20231001,泰州京城环保产业有限公司
,,,,,,,,,,,,20231001,光大城乡再生能源（灌云）有限公司
,,,,,,,,,,,,20231001,玉环伟明环保能源有限公司
,,,,,,,,,,,,20231001,滁州皖能环保电力有限公司
,,,,,,,,,,,,20231001,上海维皓再生能源有限公司
,,,,,,,,,,,,20231001,清远市中田新能源有限公司
,,,,,,,,,,,,20231001,威海艾山环境再生能源有限公司
,,,,,,,,,,,,20231001,五莲新能环保发电有限公司
,,,,,,,,,,,,20231001,北京首钢生物质能源科技有限公司
,,,,,,,,,,,,20231001,成都三峰环保发电有限公司
,,,,,,,,,,,,20231001,赤峰市三峰环保能源有限公司
,,,,,,,,,,,,20231001,弋阳海创环境能源有限责任公司
,,,,,,,,,,,,20231001,泸州川能环保能源发电有限公司
,,,,,,,,,,,,20231001,扬州泰达环保有限公司
,,,,,,,,,,,,20231001,天津绿色动力再生能源有限公司
,,,,,,,,,,,,20231001,威海环文再生能源有限公司
,,,,,,,,,,,,20231001,黄山泰达环保有限公司
,,,,,,,,,,,,20231001,光大城乡再生能源（淮安）有限公司
,,,,,,,,,,,,20231001,朗坤环保能源（茂名）有限公司
,,,,,,,,,,,,20231001,光大环保能源（太康）有限公司
,,,,,,,,,,,,20231001,枣庄中电环保发电有限公司
,,,,,,,,,,,,20231001,湖州南太湖环保能源有限公司
,,,,,,,,,,,,20231001,新化县垃圾焚烧发电厂（光大环保）
,,,,,,,,,,,,20231001,庆阳圣元环保电力有限公司
,,,,,,,,,,,,20231001,临泉皖能环保电力有限公司
,,,,,,,,,,,,20231001,昆明海创环境工程有限责任公司
,,,,,,,,,,,,20231001,延吉天楹环保能源有限公司
,,,,,,,,,,,,20231001,福州红庙岭垃圾焚烧发电有限公司
,,,,,,,,,,,,20231001,北京环卫集团房山有限公司生物质能源科技分公司（垃圾焚烧厂）
,,,,,,,,,,,,20231001,苍南伟明环保能源有限公司
,,,,,,,,,,,,20231001,慈溪中科众茂环保热电有限公司
,,,,,,,,,,,,20231001,临沂恒泰新能源有限公司
,,,,,,,,,,,,20231001,北控环境再生能源沭阳有限公司
,,,,,,,,,,,,20231001,成武德润环保能源有限公司
,,,,,,,,,,,,20231001,湘乡现代环保能源有限公司
,,,,,,,,,,,,20231001,聊城康达垃圾处理有限公司
,,,,,,,,,,,,20231001,中节能（保定）环保能源有限公司
,,,,,,,,,,,,20231001,光大环保能源（平度）有限公司
,,,,,,,,,,,,20231001,瀚蓝（海阳）固废处置有限公司
,,,,,,,,,,,,20231001,无锡益多环保热电有限公司
,,,,,,,,,,,,20231001,高唐县国环再生资源有限公司
,,,,,,,,,,,,20231001,城发环保能源（西平）有限公司
,,,,,,,,,,,,20231001,浙江华川深能环保有限公司
,,,,,,,,,,,,20231001,东莞市新东元环保投资有限公司
,,,,,,,,,,,,20231001,光大环保能源（沛县）有限公司
,,,,,,,,,,,,20231001,磐石海创环保科技有限责任公司
,,,,,,,,,,,,20231001,连云港晨兴环保产业有限公司
,,,,,,,,,,,,20231001,信宜粤丰环保电力有限公司
,,,,,,,,,,,,20231001,中节能（通化）环保能源有限公司
,,,,,,,,,,,,20231001,浙江春晖环保能源股份有限公司
,,,,,,,,,,,,20231001,石家庄嘉盛新能源有限公司
,,,,,,,,,,,,20231001,天台县交投环境管理有限公司
,,,,,,,,,,,,20231001,耒阳市现代金利亚环保科技有限公司
,,,,,,,,,,,,20231001,高安意高再生资源热力发电有限公司
,,,,,,,,,,,,20231001,周口市丰泉环保电力有限公司
,,,,,,,,,,,,20231001,三门康恒绿能再生能源有限公司
,,,,,,,,,,,,20231001,泉州市圣元环保电力有限公司
,,,,,,,,,,,,20231001,娄底市垃圾焚烧发电厂（康恒环保）
,,,,,,,,,,,,20231001,中节能定州环保能源有限公司
,,,,,,,,,,,,20231001,城发环保能源（伊川）有限公司
,,,,,,,,,,,,20231001,丰城绿色动力环保有限公司
,,,,,,,,,,,,20231001,宁波明州环境能源有限公司
,,,,,,,,,,,,20231001,中卫市绿能新能源有限公司
,,,,,,,,,,,,20231001,盘州市深能捷通环保有限公司（生活垃圾焚烧发电厂）
,,,,,,,,,,,,20231001,光大绿色环保城乡再生能源（古田）有限公司
,,,,,,,,,,,,20231001,焦作市绿鑫城发有限公司
,,,,,,,,,,,,20231001,武汉千子山能源有限公司
,,,,,,,,,,,,20231001,永济市华信达清洁能源有限公司
,,,,,,,,,,,,20231001,石首绿色动力再生能源有限公司
,,,,,,,,,,,,20231001,中节能（盐山）环保能源有限公司
,,,,,,,,,,,,20231001,光大环保能源（泗阳）有限公司
,,,,,,,,,,,,20231001,桂林市深能环保有限公司
,,,,,,,,,,,,20231001,瀚蓝（常德）环保服务有限公司
,,,,,,,,,,,,20231001,广水市康恒新能源有限公司
,,,,,,,,,,,,20231001,兰陵兰清环保能源有限公司
,,,,,,,,,,,,20231001,江西洪城康恒环境能源有限公司
,,,,,,,,,,,,20231001,光大环保能源(衢州）有限公司
,,,,,,,,,,,,20231001,北京南宫生物质能源有限公司
,,,,,,,,,,,,20231001,肇东北控环境再生能源有限公司
,,,,,,,,,,,,20231001,光大环保能源（宁波）有限公司
,,,,,,,,,,,,20231001,临朐邑清环保能源有限公司
,,,,,,,,,,,,20231001,广环投清新环保能源有限公司-雷州
,,,,,,,,,,,,20231001,宿州市泗县深能环保有限公司
,,,,,,,,,,,,20231001,光大现代环保能源(湘阴)有限公司
,,,,,,,,,,,,20231001,常州润恒能源科技有限公司
,,,,,,,,,,,,20231001,淮安中科环保电力有限公司
,,,,,,,,,,,,20231001,长青环保能源（中山）有限公司
,,,,,,,,,,,,20231001,重庆荣昌三峰新能源发电有限公司
,,,,,,,,,,,,20231001,绍兴市清能环保有限公司
,,,,,,,,,,,,20231001,蚌埠皖能环保电力有限公司
,,,,,,,,,,,,20231001,安岳川能环保能源发电有限公司
,,,,,,,,,,,,20231001,微山光大环保能源有限公司
,,,,,,,,,,,,20231001,东莞市挚能再生资源发电有限公司
,,,,,,,,,,,,20231001,自贡能投华西环保发电有限公司
,,,,,,,,,,,,20231001,中节能（大城）环保能源有限公司
,,,,,,,,,,,,20231001,瀚蓝（大连）固废处理有限公司
,,,,,,,,,,,,20231001,许昌旺能环保能源有限公司
,,,,,,,,,,,,20231001,光大环保能源（乐山）有限公司
,,,,,,,,,,,,20231001,潮州市湘桥深能环保有限公司（市区环保发电厂）
,,,,,,,,,,,,20231001,光大广环投环保能源（肇庆）有限公司
,,,,,,,,,,,,20231001,肇庆市博能再生资源发电有限公司
,,,,,,,,,,,,20231001,成都市兴蓉万兴环保发电有限公司
,,,,,,,,,,,,20231001,成都邓双海诺尔环保发电有限公司
,,,,,,,,,,,,20231001,成都市兴蓉隆丰环保发电有限公司
,,,,,,,,,,,,20231001,成都市兴蓉万兴环保发电有限公司二分公司
,,,,,,,,,,,,20231001,中节能（金堂）环保能源有限公司
,,,,,,,,,,,,20231001,临夏鹭鸿环保电力有限公司
,,,,,,,,,,,,20231001,瀚蓝（万载）固废处理有限公司
,,,,,,,,,,,,20231001,樟树市伟明环保能源有限公司
,,,,,,,,,,,,20231001,宜春绿色动力再生能源有限公司
,,,,,,,,,,,,20231001,上高海创环保科技有限公司
,,,,,,,,,,,,20231001,奉新伟明环保能源有限公司
,,,,,,,,,,,,20231001,三门峡绿能环保能源有限公司
,,,,,,,,,,,,20231001,乐亭县锦环新能源有限公司
,,,,,,,,,,,,20231001,唐山嘉盛新能源有限公司
,,,,,,,,,,,,20231001,玉田首创环保能源有限公司
,,,,,,,,,,,,20231001,滦洲雅新环保能源有限公司
,,,,,,,,,,,,20231001,唐山洁城能源股份有限公司
,,,,,,,,,,,,20231001,德惠市德佳环保能源有限公司
,,,,,,,,,,,,20231001,蒙阴伟明环保科技有限公司
,,,,,,,,,,,,20231001,平邑天楹环保能源有限公司
,,,,,,,,,,,,20231001,兴宁康恒环保能源有限公司
,,,,,,,,,,,,20231001,光大环保能源（五华）有限公司
,,,,,,,,,,,,20231001,梅州市三峰环保能源有限公司
,,,,,,,,,,,,20231001,光大环保能源（宝应）有限公司
,,,,,,,,,,,,20231001,高邮泰达环保有限公司
,,,,,,,,,,,,20231001,扬州天楹环保能源有限公司
,,,,,,,,,,,,20231001,大连泰达环保有限公司
,,,,,,,,,,,,20231001,光大环保能源（张家界）有限公司
,,,,,,,,,,,,20231001,西昌三峰环保发电有限公司
,,,,,,,,,,,,20231001,杞县首创环保能源有限公司
,,,,,,,,,,,,20231001,开封中节能再生能源有限公司
,,,,,,,,,,,,20231001,光大环保能源（莱芜）有限公司
,,,,,,,,,,,,20231001,天津雍泰生活垃圾处理有限公司（发电项目）
,,,,,,,,,,,,20231001,诸城光大环保能源有限公司
,,,,,,,,,,,,20231001,高密利朗明德环保科技有限公司
,,,,,,,,,,,,20231001,诸城宝源新能源发电有限公司
,,,,,,,,,,,,20231001,光大环保能源（潍坊）有限公司
,,,,,,,,,,,,20231001,青州益源环保有限公司
,,,,,,,,,,,,20231001,光大环保能源（寿光）有限公司
,,,,,,,,,,,,20231001,海诺尔（宜宾）环保发电有限公司
,,,,,,,,,,,,20231001,光大环保能源（故城）有限公司
,,,,,,,,,,,,20231001,中节能（衡水）环保能源有限公司
,,,,,,,,,,,,20231001,菏泽锦江环保能源有限公司
,,,,,,,,,,,,20231001,东明科环环保科技有限公司
,,,,,,,,,,,,20231001,巨野县圣元环保电力有限公司
,,,,,,,,,,,,20231001,宁波奉环再生能源有限公司
,,,,,,,,,,,,20231001,文成伟明环保能源有限公司
,,,,,,,,,,,,20231001,缙云深能环保有限公司
,,,,,,,,,,,,20231001,台州旺能再生资源利用有限公司（三期扩建项目）
,,,,,,,,,,,,20231001,中节能（象山）环保能源有限公司
,,,,,,,,,,,,20231001,杭州临江环境能源有限公司
,,,,,,,,,,,,20231001,东阳伟明环保能源有限公司
,,,,,,,,,,,,20231001,金华雅境再生能源有限公司
,,,,,,,,,,,,20231001,台州黄岩康恒再生能源有限公司
,,,,,,,,,,,,20231001,桐庐新固源环保科技有限公司
,,,,,,,,,,,,20231001,龙游泰来环保能源有限公司
,,,,,,,,,,,,20231001,玉环嘉伟环保科技有限公司
,,,,,,,,,,,,20231001,建德浦发热电能源有限公司
,,,,,,,,,,,,20231001,青田旺能环保能源有限公司
,,,,,,,,,,,,20231001,磐安伟明环保能源有限公司
,,,,,,,,,,,,20231001,龙泉伟明环保能源有限公司
,,,,,,,,,,,,20231001,新昌县环新再生能源有限公司
,,,,,,,,,,,,20231001,光大环保能源（天津）有限公司
,,,,,,,,,,,,20231001,韶关粤丰环保电力有限公司
,,,,,,,,,,,,20231001,光大环保能源（乐昌）有限公司
,,,,,,,,,,,,20231001,永嘉绿色动力再生能源有限公司
,,,,,,,,,,,,20231001,平阳绿动环保能源有限公司
,,,,,,,,,,,,20231001,瑞安市伟明环保能源有限公司
,,,,,,,,,,,,20231001,瑞安市海滨伟明环保能源有限公司
,,,,,,,,,,,,20231001,德长环保股份有限公司（德力西长江环保投资有限公司）
,,,,,,,,,,,,20231001,温州绿动环保能源有限公司
,,,,,,,,,,,,20231001,平阳绿色动力再生能源有限公司
,,,,,,,,,,,,20231001,苍南玉苍伟明环保能源有限公司
,,,,,,,,,,,,20231001,光大环保能源（信阳）有限公司
,,,,,,,,,,,,20231001,信阳康恒新能源有限公司(垃圾发电)
,,,,,,,,,,,,20231001,光大环保能源（固始）有限公司
,,,,,,,,,,,,20231001,伊犁高能时代生物能源有限公司
,,,,,,,,,,,,20231001,梧州康恒再生能源有限公司
,,,,,,,,,,,,20231001,城发环保能源（鹤壁）有限公司
,,,,,,,,,,,,20231001,广饶康恒环保能源有限公司
,,,,,,,,,,,,20231001,光大现代环保能源（汨罗）有限公司
,,,,,,,,,,,,20231001,岳阳锦能环境绿色能源有限公司
,,,,,,,,,,,,20231001,婺源伟明环保能源有限公司
,,,,,,,,,,,,20231001,上饶市城投能源环保有限公司
,,,,,,,,,,,,20231001,万年县伟明环保能源有限公司
,,,,,,,,,,,,20231001,德兴海创环保科技有限责任公司
,,,,,,,,,,,,20231001,余干绿色能源有限公司
,,,,,,,,,,,,20231001,鄱阳县绿色东方再生能源有限公司
,,,,,,,,,,,,20231001,库尔勒三峰广翰能源开发有限公司
,,,,,,,,,,,,20231001,无锡惠联垃圾热电有限公司
,,,,,,,,,,,,20231001,天津光大兴辰环保能源有限公司
,,,,,,,,,,,,20231001,天津市晨兴力克环保科技发展有限公司
,,,,,,,,,,,,20231001,淮北旺能环保能源有限公司
,,,,,,,,,,,,20231001,广州环投南沙环保能源有限公司
,,,,,,,,,,,,20231001,广州环投花城环保能源有限公司（广州市第五资源热力电厂）
,,,,,,,,,,,,20231001,广州环投增城环保能源有限公司
,,,,,,,,,,,,20231001,广州环投从化环保能源有限公司
,,,,,,,,,,,,20231001,广州环投福山环保能源有限公司（第三资源热力电厂）
,,,,,,,,,,,,20231001,商城县创志环保科技有限公司
,,,,,,,,,,,,20231001,城发环保能源(息县)有限公司
,,,,,,,,,,,,20231001,成都中节能再生能源有限公司
,,,,,,,,,,,,20231001,天津绿动环保能源有限公司
,,,,,,,,,,,,20231001,天津泰环再生资源利用有限公司
,,,,,,,,,,,,20231001,南昌首创环保能源有限公司
,,,,,,,,,,,,20231001,吉林省鑫祥有限责任公司
,,,,,,,,,,,,20231001,兴国县华赣环境有限公司
,,,,,,,,,,,,20231001,宁都县伟明城投新能源有限公司
,,,,,,,,,,,,20231001,于都华赣环保能源有限公司
,,,,,,,,,,,,20231001,琼海中电环保发电有限公司（焚烧厂）
,,,,,,,,,,,,20231001,光大环保能源（屯昌）有限公司
,,,,,,,,,,,,20231001,海口中电第二环保发电有限公司老城环保发电厂
,,,,,,,,,,,,20231001,光大环保能源（陵水）有限公司
,,,,,,,,,,,,20231001,中电国际新能源海南有限公司老城开发区海口环保发电厂
,,,,,,,,,,,,20231001,北控环境（文昌）再生能源有限公司
,,,,,,,,,,,,20231001,海口中电环保发电有限公司老城环保发电厂
,,,,,,,,,,,,20231001,光大环保能源（儋州）有限公司
,,,,,,,,,,,,20231001,文昌中电环保发电有限公司
,,,,,,,,,,,,20231001,琼海市生活垃圾焚烧厂
,,,,,,,,,,,,20231001,光大环保能源（东方）有限公司
,,,,,,,,,,,,20231001,马鞍山海创环境科技有限责任公司
,,,,,,,,,,,,20231001,临清德运环保能源有限公司
,,,,,,,,,,,,20231001,茌平县国环再生能源有限公司
,,,,,,,,,,,,20231001,冠县国环垃圾处理有限公司
,,,,,,,,,,,,20231001,阳谷新源热电有限公司
,,,,,,,,,,,,20231001,大同富乔垃圾焚烧发电有限公司
,,,,,,,,,,,,20231001,阳江康恒环保有限公司
,,,,,,,,,,,,20231001,汕头市恒建科创生物质发电有限公司
,,,,,,,,,,,,20231001,中节能(汕头潮南)环保能源有限公司
,,,,,,,,,,,,20231001,汕头市澄海洁源垃圾发电厂有限公司
,,,,,,,,,,,,20231001,汕头市绿色动力再生能源有限公司
,,,,,,,,,,,,20231001,会东三峰环保能源发电有限公司
,,,,,,,,,,,,20231001,长兴新城环保有限公司
,,,,,,,,,,,,20231001,安吉旺能再生资源利用有限公司
,,,,,,,,,,,,20231001,德清旺能环保能源有限公司
,,,,,,,,,,,,20231001,广西贵港北控水务环保有限公司（生活垃圾焚烧电厂）
,,,,,,,,,,,,20231001,北发合利（济宁）环保电力有限公司
,,,,,,,,,,,,20231001,梁山县圣元环保电力有限公司
,,,,,,,,,,,,20231001,汶上县圣元环保电力有限公司
,,,,,,,,,,,,20231001,中节能（莱西）环保能源有限公司
,,,,,,,,,,,,20231001,中节能（即墨）环保能源有限公司
,,,,,,,,,,,,20231001,青岛康恒再生能源有限公司
,,,,,,,,,,,,20231001,青岛环境再生能源有限公司
,,,,,,,,,,,,20231001,青岛西海岸康恒环保能源有限公司
,,,,,,,,,,,,20231001,安徽圣元环保电力有限公司
,,,,,,,,,,,,20231001,光大城乡再生能源（凤阳）有限公司
,,,,,,,,,,,,20231001,定远皖能环保电力有限公司
,,,,,,,,,,,,20231001,白银三峰环保发电有限公司
,,,,,,,,,,,,20231001,海城市中科环保科技有限公司
,,,,,,,,,,,,20231001,铁岭中电环保发电有限公司
,,,,,,,,,,,,20231001,大连深能环保有限公司
,,,,,,,,,,,,20231001,上海电气集团（丹东）环保科技有限公司
,,,,,,,,,,,,20231001,东港康恒能源环境有限公司
,,,,,,,,,,,,20231001,瑞金首创环保能源有限公司
,,,,,,,,,,,,20231001,信丰粤丰环保电力有限公司
3255E390BCC698228D75DD1FC2C7400A,3255E390BCC69822DC770907684A745F,2023-10-01 00:00:00,001,颗粒物,4.357,20,,0,0,2023-10-02T12:35:04.29,2023-10-02T12:35:04.29,20231001,赣州恩菲环保能源有限公司
3255E390BCC698228D75DD1FC2C7400A,3255E390BCC69822DC770907684A745F,2023-10-01 00:00:00,002,二氧化硫,12.325,80,,0,0,2023-10-02T12:35:04.29,2023-10-02T12:35:04.29,20231001,赣州恩菲环保能源有限公司
3255E390BCC698228D75DD1FC2C7400A,3255E390BCC69822DC770907684A745F,2023-10-01 00:00:00,003,氮氧化物,123.583,250,,0,0,2023-10-02T12:35:04.29,2023-10-02T12:35:04.29,20231001,赣州恩菲环保能源有限公司
3255E390BCC698228D75DD1FC2C7400A,3255E390BCC69822DC770907684A745F,2023-10-01 00:00:00,004,一氧化碳,4.381,80,,0,0,2023-10-02T12:35:04.29,2023-10-02T12:35:04.29,20231001,赣州恩菲环保能源有限公司
3255E390BCC698228D75DD1FC2C7400A,3255E390BCC69822DC770907684A745F,2023-10-01 00:00:00,008,氯化氢,10.615,50,,0,0,2023-10-02T12:35:04.29,2023-10-02T12:35:04.29,20231001,赣州恩菲环保能源有限公司
3255E390BCC698228D75DD1FC2C7400A,3255E390BCC69822A2ED94B9380DEE0A,2023-10-01 00:00:00,001,颗粒物,10.018,20,,0,0,2023-10-02T12:35:04.077,2023-10-02T12:35:04.077,20231001,赣州恩菲环保能源有限公司
3255E390BCC698228D75DD1FC2C7400A,3255E390BCC69822A2ED94B9380DEE0A,2023-10-01 00:00:00,002,二氧化硫,30.8,80,,0,0,2023-10-02T12:35:04.077,2023-10-02T12:35:04.077,20231001,赣州恩菲环保能源有限公司
3255E390BCC698228D75DD1FC2C7400A,3255E390BCC69822A2ED94B9380DEE0A,2023-10-01 00:00:00,003,氮氧化物,204.52,250,,0,0,2023-10-02T12:35:04.077,2023-10-02T12:35:04.077,20231001,赣州恩菲环保能源有限公司
3255E390BCC698228D75DD1FC2C7400A,3255E390BCC69822A2ED94B9380DEE0A,2023-10-01 00:00:00,004,一氧化碳,3.532,80,,0,0,2023-10-02T12:35:04.077,2023-10-02T12:35:04.077,20231001,赣州恩菲环保能源有限公司
3255E390BCC698228D75DD1FC2C7400A,3255E390BCC69822A2ED94B9380DEE0A,2023-10-01 00:00:00,008,氯化氢,13.983,50,,0,0,2023-10-02T12:35:04.077,2023-10-02T12:35:04.077,20231001,赣州恩菲环保能源有限公司
3255E390BCC698228D75DD1FC2C7400A,3255E390BCC698220F286019B5382130,2023-10-01 00:00:00,001,颗粒物,4.091,20,,0,0,2023-10-02 12:35:04,2023-10-02 12:35:04,20231001,赣州恩菲环保能源有限公司
3255E390BCC698228D75DD1FC2C7400A,3255E390BCC698220F286019B5382130,2023-10-01 00:00:00,002,二氧化硫,20.321,80,,0,0,2023-10-02 12:35:04,2023-10-02 12:35:04,20231001,赣州恩菲环保能源有限公司
3255E390BCC698228D75DD1FC2C7400A,3255E390BCC698220F286019B5382130,2023-10-01 00:00:00,003,氮氧化物,188.314,250,,0,0,2023-10-02 12:35:04,2023-10-02 12:35:04,20231001,赣州恩菲环保能源有限公司
3255E390BCC698228D75DD1FC2C7400A,3255E390BCC698220F286019B5382130,2023-10-01 00:00:00,004,一氧化碳,4.53,80,,0,0,2023-10-02 12:35:04,2023-10-02 12:35:04,20231001,赣州恩菲环保能源有限公司
3255E390BCC698228D75DD1FC2C7400A,3255E390BCC698220F286019B5382130,2023-10-01 00:00:00,008,氯化氢,5.998,50,,0,0,2023-10-02 12:35:04,2023-10-02 12:35:04,20231001,赣州恩菲环保能源有限公司
32852A2A43E8C0033BD256C5BFD334A9,32852A2A43E8C0036825E4065F61D3BC,2023-10-01 00:00:00,001,颗粒物,1.756,20,,0,0,2023-10-02 12:35:03,2023-10-02 12:35:03,20231001,芜湖绿洲环保能源有限公司
32852A2A43E8C0033BD256C5BFD334A9,32852A2A43E8C0036825E4065F61D3BC,2023-10-01 00:00:00,002,二氧化硫,42.561,80,,0,0,2023-10-02 12:35:03,2023-10-02 12:35:03,20231001,芜湖绿洲环保能源有限公司
32852A2A43E8C0033BD256C5BFD334A9,32852A2A43E8C0036825E4065F61D3BC,2023-10-01 00:00:00,003,氮氧化物,167.985,250,,0,0,2023-10-02 12:35:03,2023-10-02 12:35:03,20231001,芜湖绿洲环保能源有限公司
32852A2A43E8C0033BD256C5BFD334A9,32852A2A43E8C0036825E4065F61D3BC,2023-10-01 00:00:00,004,一氧化碳,1.1,80,,0,0,2023-10-02 12:35:03,2023-10-02 12:35:03,20231001,芜湖绿洲环保能源有限公司
32852A2A43E8C0033BD256C5BFD334A9,32852A2A43E8C0036825E4065F61D3BC,2023-10-01 00:00:00,008,氯化氢,8.692,50,,0,0,2023-10-02 12:35:03,2023-10-02 12:35:03,20231001,芜湖绿洲环保能源有限公司
32852A2A43E8C0033BD256C5BFD334A9,32852A2A43E8C0036144E7E5BA7D4FD5,2023-10-01 00:00:00,001,颗粒物,1.064,20,,0,0,2023-10-02 12:35:03,2023-10-02 12:35:03,20231001,芜湖绿洲环保能源有限公司
32852A2A43E8C0033BD256C5BFD334A9,32852A2A43E8C0036144E7E5BA7D4FD5,2023-10-01 00:00:00,002,二氧化硫,4.012,80,,0,0,2023-10-02 12:35:03,2023-10-02 12:35:03,20231001,芜湖绿洲环保能源有限公司
32852A2A43E8C0033BD256C5BFD334A9,32852A2A43E8C0036144E7E5BA7D4FD5,2023-10-01 00:00:00,003,氮氧化物,124.102,250,,0,0,2023-10-02 12:35:03,2023-10-02 12:35:03,20231001,芜湖绿洲环保能源有限公司
32852A2A43E8C0033BD256C5BFD334A9,32852A2A43E8C0036144E7E5BA7D4FD5,2023-10-01 00:00:00,004,一氧化碳,12.307,80,,0,0,2023-10-02 12:35:03,2023-10-02 12:35:03,20231001,芜湖绿洲环保能源有限公司
32852A2A43E8C0033BD256C5BFD334A9,32852A2A43E8C0036144E7E5BA7D4FD5,2023-10-01 00:00:00,008,氯化氢,27.778,50,,0,0,2023-10-02 12:35:03,2023-10-02 12:35:03,20231001,芜湖绿洲环保能源有限公司
32852A2A43E8C0033BD256C5BFD334A9,32852A2A43E8C003AEB8C9295F311586,2023-10-01 00:00:00,001,颗粒物,,20,,0,0,2023-10-02 12:35:03,2023-10-02 12:35:03,20231001,芜湖绿洲环保能源有限公司
32852A2A43E8C0033BD256C5BFD334A9,32852A2A43E8C003AEB8C9295F311586,2023-10-01 00:00:00,002,二氧化硫,,80,,0,0,2023-10-02 12:35:03,2023-10-02 12:35:03,20231001,芜湖绿洲环保能源有限公司
32852A2A43E8C0033BD256C5BFD334A9,32852A2A43E8C003AEB8C9295F311586,2023-10-01 00:00:00,003,氮氧化物,,250,,0,0,2023-10-02 12:35:03,2023-10-02 12:35:03,20231001,芜湖绿洲环保能源有限公司
32852A2A43E8C0033BD256C5BFD334A9,32852A2A43E8C003AEB8C9295F311586,2023-10-01 00:00:00,004,一氧化碳,,80,,0,0,2023-10-02 12:35:03,2023-10-02 12:35:03,20231001,芜湖绿洲环保能源有限公司
32852A2A43E8C0033BD256C5BFD334A9,32852A2A43E8C003AEB8C9295F311586,2023-10-01 00:00:00,008,氯化氢,,50,,0,0,2023-10-02 12:35:03,2023-10-02 12:35:03,20231001,芜湖绿洲环保能源有限公司
32852A2A43E8C0033BD256C5BFD334A9,32852A2A43E8C003E0042002BA3860A0,2023-10-01 00:00:00,001,颗粒物,,20,,0,0,2023-10-02 12:35:03,2023-10-02 12:35:03,20231001,芜湖绿洲环保能源有限公司
32852A2A43E8C0033BD256C5BFD334A9,32852A2A43E8C003E0042002BA3860A0,2023-10-01 00:00:00,002,二氧化硫,,80,,0,0,2023-10-02 12:35:03,2023-10-02 12:35:03,20231001,芜湖绿洲环保能源有限公司
32852A2A43E8C0033BD256C5BFD334A9,32852A2A43E8C003E0042002BA3860A0,2023-10-01 00:00:00,003,氮氧化物,,250,,0,0,2023-10-02 12:35:03,2023-10-02 12:35:03,20231001,芜湖绿洲环保能源有限公司
32852A2A43E8C0033BD256C5BFD334A9,32852A2A43E8C003E0042002BA3860A0,2023-10-01 00:00:00,004,一氧化碳,,80,,0,0,2023-10-02 12:35:03,2023-10-02 12:35:03,20231001,芜湖绿洲环保能源有限公司
32852A2A43E8C0033BD256C5BFD334A9,32852A2A43E8C003E0042002BA3860A0,2023-10-01 00:00:00,008,氯化氢,,50,,0,0,2023-10-02 12:35:03,2023-10-02 12:35:03,20231001,芜湖绿洲环保能源有限公司
32852A2A43E8C0033EC59B12762ED2DC,32852A2A43E8C0039692934B0727F7CE,2023-10-01 00:00:00,001,颗粒物,2.176,20,,0,0,2023-10-02 12:35:04,2023-10-02 12:35:04,20231001,芜湖中电环保发电有限公司
32852A2A43E8C0033EC59B12762ED2DC,32852A2A43E8C0039692934B0727F7CE,2023-10-01 00:00:00,002,二氧化硫,17.919,80,,0,0,2023-10-02 12:35:04,2023-10-02 12:35:04,20231001,芜湖中电环保发电有限公司
32852A2A43E8C0033EC59B12762ED2DC,32852A2A43E8C0039692934B0727F7CE,2023-10-01 00:00:00,003,氮氧化物,153.614,250,,0,0,2023-10-02 12:35:04,2023-10-02 12:35:04,20231001,芜湖中电环保发电有限公司
32852A2A43E8C0033EC59B12762ED2DC,32852A2A43E8C0039692934B0727F7CE,2023-10-01 00:00:00,004,一氧化碳,5.009,80,,0,0,2023-10-02 12:35:04,2023-10-02 12:35:04,20231001,芜湖中电环保发电有限公司
32852A2A43E8C0033EC59B12762ED2DC,32852A2A43E8C0039692934B0727F7CE,2023-10-01 00:00:00,008,氯化氢,26.567,50,,0,0,2023-10-02 12:35:04,2023-10-02 12:35:04,20231001,芜湖中电环保发电有限公司
32852A2A43E8C0033EC59B12762ED2DC,32852A2A43E8C0032169807C8D325C4F,2023-10-01 00:00:00,001,颗粒物,2.984,20,,0,0,2023-10-02 12:35:04,2023-10-02 12:35:04,20231001,芜湖中电环保发电有限公司
32852A2A43E8C0033EC59B12762ED2DC,32852A2A43E8C0032169807C8D325C4F,2023-10-01 00:00:00,002,二氧化硫,42.956,80,,0,0,2023-10-02 12:35:04,2023-10-02 12:35:04,20231001,芜湖中电环保发电有限公司
32852A2A43E8C0033EC59B12762ED2DC,32852A2A43E8C0032169807C8D325C4F,2023-10-01 00:00:00,003,氮氧化物,164.503,250,,0,0,2023-10-02 12:35:04,2023-10-02 12:35:04,20231001,芜湖中电环保发电有限公司
32852A2A43E8C0033EC59B12762ED2DC,32852A2A43E8C0032169807C8D325C4F,2023-10-01 00:00:00,004,一氧化碳,2.281,80,,0,0,2023-10-02 12:35:04,2023-10-02 12:35:04,20231001,芜湖中电环保发电有限公司
32852A2A43E8C0033EC59B12762ED2DC,32852A2A43E8C0032169807C8D325C4F,2023-10-01 00:00:00,008,氯化氢,10.727,50,,0,0,2023-10-02 12:35:04,2023-10-02 12:35:04,20231001,芜湖中电环保发电有限公司
33956EC417CF46B46E47BE43CD7ED4EC,33956EC417CF46B4F3FF57FFA1516150,2023-10-01 00:00:00,001,颗粒物,4.325,20,,0,0,2023-10-02 12:35:07,2023-10-02 12:35:07,20231001,泸州市兴泸环保发展有限公司
33956EC417CF46B46E47BE43CD7ED4EC,33956EC417CF46B4F3FF57FFA1516150,2023-10-01 00:00:00,002,二氧化硫,36.558,80,,0,0,2023-10-02 12:35:07,2023-10-02 12:35:07,20231001,泸州市兴泸环保发展有限公司
33956EC417CF46B46E47BE43CD7ED4EC,33956EC417CF46B4F3FF57FFA1516150,2023-10-01 00:00:00,003,氮氧化物,203.116,250,,0,0,2023-10-02 12:35:07,2023-10-02 12:35:07,20231001,泸州市兴泸环保发展有限公司
33956EC417CF46B46E47BE43CD7ED4EC,33956EC417CF46B4F3FF57FFA1516150,2023-10-01 00:00:00,004,一氧化碳,6.876,80,,0,0,2023-10-02 12:35:07,2023-10-02 12:35:07,20231001,泸州市兴泸环保发展有限公司
33956EC417CF46B46E47BE43CD7ED4EC,33956EC417CF46B4F3FF57FFA1516150,2023-10-01 00:00:00,008,氯化氢,15.413,50,,0,0,2023-10-02 12:35:07,2023-10-02 12:35:07,20231001,泸州市兴泸环保发展有限公司
33956EC417CF46B46E47BE43CD7ED4EC,33956EC417CF46B4EE3ECA5BEC04D439,2023-10-01 00:00:00,001,颗粒物,7.695,20,,0,0,2023-10-02 12:35:07,2023-10-02 12:35:07,20231001,泸州市兴泸环保发展有限公司
33956EC417CF46B46E47BE43CD7ED4EC,33956EC417CF46B4EE3ECA5BEC04D439,2023-10-01 00:00:00,002,二氧化硫,41.289,80,,0,0,2023-10-02 12:35:07,2023-10-02 12:35:07,20231001,泸州市兴泸环保发展有限公司
33956EC417CF46B46E47BE43CD7ED4EC,33956EC417CF46B4EE3ECA5BEC04D439,2023-10-01 00:00:00,003,氮氧化物,210.548,250,,0,0,2023-10-02 12:35:07,2023-10-02 12:35:07,20231001,泸州市兴泸环保发展有限公司
33956EC417CF46B46E47BE43CD7ED4EC,33956EC417CF46B4EE3ECA5BEC04D439,2023-10-01 00:00:00,004,一氧化碳,5.887,80,,0,0,2023-10-02 12:35:07,2023-10-02 12:35:07,20231001,泸州市兴泸环保发展有限公司
33956EC417CF46B46E47BE43CD7ED4EC,33956EC417CF46B4EE3ECA5BEC04D439,2023-10-01 00:00:00,008,氯化氢,16.55,50,,0,0,2023-10-02 12:35:07,2023-10-02 12:35:07,20231001,泸州市兴泸环保发展有限公司
33956EC417CF46B46E47BE43CD7ED4EC,33956EC417CF46B4E1DFE7A0A74398AD,2023-10-01 00:00:00,001,颗粒物,7.006,20,,0,0,2023-10-02 12:35:07,2023-10-02 12:35:07,20231001,泸州市兴泸环保发展有限公司
33956EC417CF46B46E47BE43CD7ED4EC,33956EC417CF46B4E1DFE7A0A74398AD,2023-10-01 00:00:00,002,二氧化硫,33.625,80,,0,0,2023-10-02 12:35:07,2023-10-02 12:35:07,20231001,泸州市兴泸环保发展有限公司
33956EC417CF46B46E47BE43CD7ED4EC,33956EC417CF46B4E1DFE7A0A74398AD,2023-10-01 00:00:00,003,氮氧化物,212.736,250,,0,0,2023-10-02 12:35:07,2023-10-02 12:35:07,20231001,泸州市兴泸环保发展有限公司
33956EC417CF46B46E47BE43CD7ED4EC,33956EC417CF46B4E1DFE7A0A74398AD,2023-10-01 00:00:00,004,一氧化碳,1.153,80,,0,0,2023-10-02 12:35:07,2023-10-02 12:35:07,20231001,泸州市兴泸环保发展有限公司
33956EC417CF46B46E47BE43CD7ED4EC,33956EC417CF46B4E1DFE7A0A74398AD,2023-10-01 00:00:00,008,氯化氢,25.824,50,,0,0,2023-10-02 12:35:07,2023-10-02 12:35:07,20231001,泸州市兴泸环保发展有限公司
33D8050BDC49969766AD8331A6DD1807,33D8050BDC4996978402FE8D3DECD7E7,2023-10-01 00:00:00,001,颗粒物,,20,,0,0,2023-10-02 12:35:04,2023-10-02 12:35:04,20231001,开化天汇环保能源有限公司
33D8050BDC49969766AD8331A6DD1807,33D8050BDC4996978402FE8D3DECD7E7,2023-10-01 00:00:00,002,二氧化硫,,80,,0,0,2023-10-02 12:35:04,2023-10-02 12:35:04,20231001,开化天汇环保能源有限公司
33D8050BDC49969766AD8331A6DD1807,33D8050BDC4996978402FE8D3DECD7E7,2023-10-01 00:00:00,003,氮氧化物,,250,,0,0,2023-10-02 12:35:04,2023-10-02 12:35:04,20231001,开化天汇环保能源有限公司
33D8050BDC49969766AD8331A6DD1807,33D8050BDC4996978402FE8D3DECD7E7,2023-10-01 00:00:00,004,一氧化碳,,80,,0,0,2023-10-02 12:35:04,2023-10-02 12:35:04,20231001,开化天汇环保能源有限公司
33D8050BDC49969766AD8331A6DD1807,33D8050BDC4996978402FE8D3DECD7E7,2023-10-01 00:00:00,008,氯化氢,,50,,0,0,2023-10-02 12:35:04,2023-10-02 12:35:04,20231001,开化天汇环保能源有限公司
33D8050BDC4996977EB5E54AD9A2F1FE,33D8050BDC49969760F3DE679789452F,2023-10-01 00:00:00,001,颗粒物,2.375,20,,0,0,2023-10-02 12:35:04,2023-10-02 12:35:04,20231001,光大环保能源（江山）有限公司
33D8050BDC4996977EB5E54AD9A2F1FE,33D8050BDC49969760F3DE679789452F,2023-10-01 00:00:00,002,二氧化硫,17.079,80,,0,0,2023-10-02 12:35:04,2023-10-02 12:35:04,20231001,光大环保能源（江山）有限公司
33D8050BDC4996977EB5E54AD9A2F1FE,33D8050BDC49969760F3DE679789452F,2023-10-01 00:00:00,003,氮氧化物,68.007,250,,0,0,2023-10-02 12:35:04,2023-10-02 12:35:04,20231001,光大环保能源（江山）有限公司
33D8050BDC4996977EB5E54AD9A2F1FE,33D8050BDC49969760F3DE679789452F,2023-10-01 00:00:00,004,一氧化碳,4.413,80,,0,0,2023-10-02 12:35:04,2023-10-02 12:35:04,20231001,光大环保能源（江山）有限公司
33D8050BDC4996977EB5E54AD9A2F1FE,33D8050BDC49969760F3DE679789452F,2023-10-01 00:00:00,008,氯化氢,0.104,50,,0,0,2023-10-02 12:35:04,2023-10-02 12:35:04,20231001,光大环保能源（江山）有限公司
3488E8D38F22601D776685611B24A4D2937CB7F8BDAB6B9980063EF1E2A16A1664622BD61DB06305,02EDEA74F8DF2EB5B2440B1F8F9F18493F5D0490D4ED39CBF3D7182635A5F758AA311EB0DEB89D6E,2023-10-01 00:00:00,001,颗粒物,,20,,0,0,2023-10-02 12:35:05,2023-10-02 12:35:05,20231001,衡水冀州泰达环保有限公司
3488E8D38F22601D776685611B24A4D2937CB7F8BDAB6B9980063EF1E2A16A1664622BD61DB06305,02EDEA74F8DF2EB5B2440B1F8F9F18493F5D0490D4ED39CBF3D7182635A5F758AA311EB0DEB89D6E,2023-10-01 00:00:00,002,二氧化硫,,80,,0,0,2023-10-02 12:35:05,2023-10-02 12:35:05,20231001,衡水冀州泰达环保有限公司
3488E8D38F22601D776685611B24A4D2937CB7F8BDAB6B9980063EF1E2A16A1664622BD61DB06305,02EDEA74F8DF2EB5B2440B1F8F9F18493F5D0490D4ED39CBF3D7182635A5F758AA311EB0DEB89D6E,2023-10-01 00:00:00,003,氮氧化物,,250,,0,0,2023-10-02 12:35:05,2023-10-02 12:35:05,20231001,衡水冀州泰达环保有限公司
3488E8D38F22601D776685611B24A4D2937CB7F8BDAB6B9980063EF1E2A16A1664622BD61DB06305,02EDEA74F8DF2EB5B2440B1F8F9F18493F5D0490D4ED39CBF3D7182635A5F758AA311EB0DEB89D6E,2023-10-01 00:00:00,004,一氧化碳,,80,,0,0,2023-10-02 12:35:05,2023-10-02 12:35:05,20231001,衡水冀州泰达环保有限公司
3488E8D38F22601D776685611B24A4D2937CB7F8BDAB6B9980063EF1E2A16A1664622BD61DB06305,02EDEA74F8DF2EB5B2440B1F8F9F18493F5D0490D4ED39CBF3D7182635A5F758AA311EB0DEB89D6E,2023-10-01 00:00:00,008,氯化氢,,50,,0,0,2023-10-02 12:35:05,2023-10-02 12:35:05,20231001,衡水冀州泰达环保有限公司
35B9E3E79F22F90772225899572005B42C36F61F0DFA8AB310926A2802938B8CC91C0A6AC3AB2983,35B9E3E79F22F90772225899572005B4CD8C9F64B231922ADEDDAB750A1017DB1FF47BE4CD265E53,2023-10-01 00:00:00,001,颗粒物,5.501,20,,0,0,2023-10-02 12:35:08,2023-10-02 12:35:08,20231001,中节能（鹤岗）环保能源有限公司
35B9E3E79F22F90772225899572005B42C36F61F0DFA8AB310926A2802938B8CC91C0A6AC3AB2983,35B9E3E79F22F90772225899572005B4CD8C9F64B231922ADEDDAB750A1017DB1FF47BE4CD265E53,2023-10-01 00:00:00,002,二氧化硫,60.956,80,,0,0,2023-10-02 12:35:08,2023-10-02 12:35:08,20231001,中节能（鹤岗）环保能源有限公司
35B9E3E79F22F90772225899572005B42C36F61F0DFA8AB310926A2802938B8CC91C0A6AC3AB2983,35B9E3E79F22F90772225899572005B4CD8C9F64B231922ADEDDAB750A1017DB1FF47BE4CD265E53,2023-10-01 00:00:00,003,氮氧化物,126.43,250,,0,0,2023-10-02 12:35:08,2023-10-02 12:35:08,20231001,中节能（鹤岗）环保能源有限公司
35B9E3E79F22F90772225899572005B42C36F61F0DFA8AB310926A2802938B8CC91C0A6AC3AB2983,35B9E3E79F22F90772225899572005B4CD8C9F64B231922ADEDDAB750A1017DB1FF47BE4CD265E53,2023-10-01 00:00:00,004,一氧化碳,2.827,80,,0,0,2023-10-02 12:35:08,2023-10-02 12:35:08,20231001,中节能（鹤岗）环保能源有限公司
35B9E3E79F22F90772225899572005B42C36F61F0DFA8AB310926A2802938B8CC91C0A6AC3AB2983,35B9E3E79F22F90772225899572005B4CD8C9F64B231922ADEDDAB750A1017DB1FF47BE4CD265E53,2023-10-01 00:00:00,008,氯化氢,20.469,50,,0,0,2023-10-02 12:35:08,2023-10-02 12:35:08,20231001,中节能（鹤岗）环保能源有限公司
3724F4EEB3A26EBFD9EB2132690740F5C41FBC263B0D911C99FFF3F4D6E13444B91D813A02E21BC7,3724F4EEB3A26EBFD9EB2132690740F539B39A8A0ACF7E916C40A74557978F972857EDC15C5CCF52,2023-10-01 00:00:00,001,颗粒物,,20,,0,0,2023-10-02 12:35:05,2023-10-02 12:35:05,20231001,南京江北环保电力有限公司
3724F4EEB3A26EBFD9EB2132690740F5C41FBC263B0D911C99FFF3F4D6E13444B91D813A02E21BC7,3724F4EEB3A26EBFD9EB2132690740F539B39A8A0ACF7E916C40A74557978F972857EDC15C5CCF52,2023-10-01 00:00:00,002,二氧化硫,,80,,0,0,2023-10-02 12:35:05,2023-10-02 12:35:05,20231001,南京江北环保电力有限公司
3724F4EEB3A26EBFD9EB2132690740F5C41FBC263B0D911C99FFF3F4D6E13444B91D813A02E21BC7,3724F4EEB3A26EBFD9EB2132690740F539B39A8A0ACF7E916C40A74557978F972857EDC15C5CCF52,2023-10-01 00:00:00,003,氮氧化物,,250,,0,0,2023-10-02 12:35:05,2023-10-02 12:35:05,20231001,南京江北环保电力有限公司
3724F4EEB3A26EBFD9EB2132690740F5C41FBC263B0D911C99FFF3F4D6E13444B91D813A02E21BC7,3724F4EEB3A26EBFD9EB2132690740F539B39A8A0ACF7E916C40A74557978F972857EDC15C5CCF52,2023-10-01 00:00:00,004,一氧化碳,,80,,0,0,2023-10-02 12:35:05,2023-10-02 12:35:05,20231001,南京江北环保电力有限公司
3724F4EEB3A26EBFD9EB2132690740F5C41FBC263B0D911C99FFF3F4D6E13444B91D813A02E21BC7,3724F4EEB3A26EBFD9EB2132690740F539B39A8A0ACF7E916C40A74557978F972857EDC15C5CCF52,2023-10-01 00:00:00,008,氯化氢,,50,,0,0,2023-10-02 12:35:05,2023-10-02 12:35:05,20231001,南京江北环保电力有限公司
3724F4EEB3A26EBFD9EB2132690740F5C41FBC263B0D911C99FFF3F4D6E13444B91D813A02E21BC7,3724F4EEB3A26EBFD9EB2132690740F5510E9A5DD6A53F50B0969AC07186E1896547EC78F1ECD555,2023-10-01 00:00:00,001,颗粒物,,20,,0,0,2023-10-02 12:35:05,2023-10-02 12:35:05,20231001,南京江北环保电力有限公司
3724F4EEB3A26EBFD9EB2132690740F5C41FBC263B0D911C99FFF3F4D6E13444B91D813A02E21BC7,3724F4EEB3A26EBFD9EB2132690740F5510E9A5DD6A53F50B0969AC07186E1896547EC78F1ECD555,2023-10-01 00:00:00,002,二氧化硫,,80,,0,0,2023-10-02 12:35:05,2023-10-02 12:35:05,20231001,南京江北环保电力有限公司
3724F4EEB3A26EBFD9EB2132690740F5C41FBC263B0D911C99FFF3F4D6E13444B91D813A02E21BC7,3724F4EEB3A26EBFD9EB2132690740F5510E9A5DD6A53F50B0969AC07186E1896547EC78F1ECD555,2023-10-01 00:00:00,003,氮氧化物,,250,,0,0,2023-10-02 12:35:05,2023-10-02 12:35:05,20231001,南京江北环保电力有限公司
3724F4EEB3A26EBFD9EB2132690740F5C41FBC263B0D911C99FFF3F4D6E13444B91D813A02E21BC7,3724F4EEB3A26EBFD9EB2132690740F5510E9A5DD6A53F50B0969AC07186E1896547EC78F1ECD555,2023-10-01 00:00:00,004,一氧化碳,,80,,0,0,2023-10-02 12:35:05,2023-10-02 12:35:05,20231001,南京江北环保电力有限公司
3724F4EEB3A26EBFD9EB2132690740F5C41FBC263B0D911C99FFF3F4D6E13444B91D813A02E21BC7,3724F4EEB3A26EBFD9EB2132690740F5510E9A5DD6A53F50B0969AC07186E1896547EC78F1ECD555,2023-10-01 00:00:00,008,氯化氢,,50,,0,0,2023-10-02 12:35:05,2023-10-02 12:35:05,20231001,南京江北环保电力有限公司
3A7541D1497F998984946F4E0CD2704A1EC46791B61720AFF9B97540BE40CE9F965732C07B17F78C,C9D1B93C7117B848F7DAB53E9813DC272BE97F183AD900D143506B2F0CFF869616662AD69698732C,2023-10-01 00:00:00,001,颗粒物,,20,,0,0,2023-10-02 12:35:08,2023-10-02 12:35:08,20231001,遵化泰达环保有限公司
3A7541D1497F998984946F4E0CD2704A1EC46791B61720AFF9B97540BE40CE9F965732C07B17F78C,C9D1B93C7117B848F7DAB53E9813DC272BE97F183AD900D143506B2F0CFF869616662AD69698732C,2023-10-01 00:00:00,002,二氧化硫,,80,,0,0,2023-10-02 12:35:08,2023-10-02 12:35:08,20231001,遵化泰达环保有限公司
3A7541D1497F998984946F4E0CD2704A1EC46791B61720AFF9B97540BE40CE9F965732C07B17F78C,C9D1B93C7117B848F7DAB53E9813DC272BE97F183AD900D143506B2F0CFF869616662AD69698732C,2023-10-01 00:00:00,003,氮氧化物,,250,,0,0,2023-10-02 12:35:08,2023-10-02 12:35:08,20231001,遵化泰达环保有限公司
3A7541D1497F998984946F4E0CD2704A1EC46791B61720AFF9B97540BE40CE9F965732C07B17F78C,C9D1B93C7117B848F7DAB53E9813DC272BE97F183AD900D143506B2F0CFF869616662AD69698732C,2023-10-01 00:00:00,004,一氧化碳,,80,,0,0,2023-10-02 12:35:08,2023-10-02 12:35:08,20231001,遵化泰达环保有限公司
3A7541D1497F998984946F4E0CD2704A1EC46791B61720AFF9B97540BE40CE9F965732C07B17F78C,C9D1B93C7117B848F7DAB53E9813DC272BE97F183AD900D143506B2F0CFF869616662AD69698732C,2023-10-01 00:00:00,008,氯化氢,,50,,0,0,2023-10-02 12:35:08,2023-10-02 12:35:08,20231001,遵化泰达环保有限公司
3A7541D1497F998984946F4E0CD2704A1EC46791B61720AFF9B97540BE40CE9F965732C07B17F78C,62CC55606DB9BB43F1730465286B2FE33713838D56A66035DF631F95659E8719B1B71306F4EFED5F,2023-10-01 00:00:00,001,颗粒物,1.475,20,,0,0,2023-10-02 12:35:08,2023-10-02 12:35:08,20231001,遵化泰达环保有限公司
3A7541D1497F998984946F4E0CD2704A1EC46791B61720AFF9B97540BE40CE9F965732C07B17F78C,62CC55606DB9BB43F1730465286B2FE33713838D56A66035DF631F95659E8719B1B71306F4EFED5F,2023-10-01 00:00:00,002,二氧化硫,13.795,80,,0,0,2023-10-02 12:35:08,2023-10-02 12:35:08,20231001,遵化泰达环保有限公司
3A7541D1497F998984946F4E0CD2704A1EC46791B61720AFF9B97540BE40CE9F965732C07B17F78C,62CC55606DB9BB43F1730465286B2FE33713838D56A66035DF631F95659E8719B1B71306F4EFED5F,2023-10-01 00:00:00,003,氮氧化物,46.673,250,,0,0,2023-10-02 12:35:08,2023-10-02 12:35:08,20231001,遵化泰达环保有限公司
3A7541D1497F998984946F4E0CD2704A1EC46791B61720AFF9B97540BE40CE9F965732C07B17F78C,62CC55606DB9BB43F1730465286B2FE33713838D56A66035DF631F95659E8719B1B71306F4EFED5F,2023-10-01 00:00:00,004,一氧化碳,1.997,80,,0,0,2023-10-02 12:35:08,2023-10-02 12:35:08,20231001,遵化泰达环保有限公司
3A7541D1497F998984946F4E0CD2704A1EC46791B61720AFF9B97540BE40CE9F965732C07B17F78C,62CC55606DB9BB43F1730465286B2FE33713838D56A66035DF631F95659E8719B1B71306F4EFED5F,2023-10-01 00:00:00,008,氯化氢,1.556,50,,0,0,2023-10-02 12:35:08,2023-10-02 12:35:08,20231001,遵化泰达环保有限公司
3B2FF0C5340A3551EF88D00517FF6A65103F088494E2CBEF84A9C6E810A672D5CBC35DAADDC1531C,3B2FF0C5340A3551EF88D00517FF6A65BD79C66DC11F4C52569F3DCCDE9974175DC1A5998BB317C6,2023-10-01 00:00:00,001,颗粒物,0.75,20,,0,0,2023-10-02 12:35:07,2023-10-02 12:35:07,20231001,唐河首创环保能源有限公司
3B2FF0C5340A3551EF88D00517FF6A65103F088494E2CBEF84A9C6E810A672D5CBC35DAADDC1531C,3B2FF0C5340A3551EF88D00517FF6A65BD79C66DC11F4C52569F3DCCDE9974175DC1A5998BB317C6,2023-10-01 00:00:00,002,二氧化硫,27.44,80,,0,0,2023-10-02 12:35:07,2023-10-02 12:35:07,20231001,唐河首创环保能源有限公司
3B2FF0C5340A3551EF88D00517FF6A65103F088494E2CBEF84A9C6E810A672D5CBC35DAADDC1531C,3B2FF0C5340A3551EF88D00517FF6A65BD79C66DC11F4C52569F3DCCDE9974175DC1A5998BB317C6,2023-10-01 00:00:00,003,氮氧化物,85.67,250,,0,0,2023-10-02 12:35:07,2023-10-02 12:35:07,20231001,唐河首创环保能源有限公司
3B2FF0C5340A3551EF88D00517FF6A65103F088494E2CBEF84A9C6E810A672D5CBC35DAADDC1531C,3B2FF0C5340A3551EF88D00517FF6A65BD79C66DC11F4C52569F3DCCDE9974175DC1A5998BB317C6,2023-10-01 00:00:00,004,一氧化碳,4.759,80,,0,0,2023-10-02 12:35:07,2023-10-02 12:35:07,20231001,唐河首创环保能源有限公司
3B2FF0C5340A3551EF88D00517FF6A65103F088494E2CBEF84A9C6E810A672D5CBC35DAADDC1531C,3B2FF0C5340A3551EF88D00517FF6A65BD79C66DC11F4C52569F3DCCDE9974175DC1A5998BB317C6,2023-10-01 00:00:00,008,氯化氢,10.16,50,,0,0,2023-10-02 12:35:07,2023-10-02 12:35:07,20231001,唐河首创环保能源有限公司
3B2FF0C5340A3551EF88D00517FF6A65103F088494E2CBEF84A9C6E810A672D5CBC35DAADDC1531C,3B2FF0C5340A35514FFCBD4D0F55626F9E244639F3541A539899D537F3943EABD3B4FA99C7DAB58F,2023-10-01 00:00:00,001,颗粒物,,20,,0,0,2023-10-02 12:35:08,2023-10-02 12:35:08,20231001,唐河首创环保能源有限公司
3B2FF0C5340A3551EF88D00517FF6A65103F088494E2CBEF84A9C6E810A672D5CBC35DAADDC1531C,3B2FF0C5340A35514FFCBD4D0F55626F9E244639F3541A539899D537F3943EABD3B4FA99C7DAB58F,2023-10-01 00:00:00,002,二氧化硫,,80,,0,0,2023-10-02 12:35:08,2023-10-02 12:35:08,20231001,唐河首创环保能源有限公司
3B2FF0C5340A3551EF88D00517FF6A65103F088494E2CBEF84A9C6E810A672D5CBC35DAADDC1531C,3B2FF0C5340A35514FFCBD4D0F55626F9E244639F3541A539899D537F3943EABD3B4FA99C7DAB58F,2023-10-01 00:00:00,003,氮氧化物,,250,,0,0,2023-10-02 12:35:08,2023-10-02 12:35:08,20231001,唐河首创环保能源有限公司
3B2FF0C5340A3551EF88D00517FF6A65103F088494E2CBEF84A9C6E810A672D5CBC35DAADDC1531C,3B2FF0C5340A35514FFCBD4D0F55626F9E244639F3541A539899D537F3943EABD3B4FA99C7DAB58F,2023-10-01 00:00:00,004,一氧化碳,,80,,0,0,2023-10-02 12:35:08,2023-10-02 12:35:08,20231001,唐河首创环保能源有限公司
3B2FF0C5340A3551EF88D00517FF6A65103F088494E2CBEF84A9C6E810A672D5CBC35DAADDC1531C,3B2FF0C5340A35514FFCBD4D0F55626F9E244639F3541A539899D537F3943EABD3B4FA99C7DAB58F,2023-10-01 00:00:00,008,氯化氢,,50,,0,0,2023-10-02 12:35:08,2023-10-02 12:35:08,20231001,唐河首创环保能源有限公司
3B4152090839A0708A9E4E41D6B51622,3B4152090839A070F077AB4D5B19159F,2023-10-01 00:00:00,001,颗粒物,1.038,20,,0,0,2023-10-02 12:35:05,2023-10-02 12:35:05,20231001,晋城中科绿色能源有限公司
3B4152090839A0708A9E4E41D6B51622,3B4152090839A070F077AB4D5B19159F,2023-10-01 00:00:00,002,二氧化硫,28.408,80,,0,0,2023-10-02 12:35:05,2023-10-02 12:35:05,20231001,晋城中科绿色能源有限公司
3B4152090839A0708A9E4E41D6B51622,3B4152090839A070F077AB4D5B19159F,2023-10-01 00:00:00,003,氮氧化物,137.127,250,,0,0,2023-10-02 12:35:05,2023-10-02 12:35:05,20231001,晋城中科绿色能源有限公司
3B4152090839A0708A9E4E41D6B51622,3B4152090839A070F077AB4D5B19159F,2023-10-01 00:00:00,004,一氧化碳,2.178,80,,0,0,2023-10-02 12:35:05,2023-10-02 12:35:05,20231001,晋城中科绿色能源有限公司
3B4152090839A0708A9E4E41D6B51622,3B4152090839A070F077AB4D5B19159F,2023-10-01 00:00:00,008,氯化氢,36.341,50,,0,0,2023-10-02 12:35:05,2023-10-02 12:35:05,20231001,晋城中科绿色能源有限公司
3B4152090839A0708A9E4E41D6B51622,3B4152090839A070162001B64EE4BEF7,2023-10-01 00:00:00,001,颗粒物,0.978,20,,0,0,2023-10-02 12:35:05,2023-10-02 12:35:05,20231001,晋城中科绿色能源有限公司
3B4152090839A0708A9E4E41D6B51622,3B4152090839A070162001B64EE4BEF7,2023-10-01 00:00:00,002,二氧化硫,33.67,80,,0,0,2023-10-02 12:35:05,2023-10-02 12:35:05,20231001,晋城中科绿色能源有限公司
3B4152090839A0708A9E4E41D6B51622,3B4152090839A070162001B64EE4BEF7,2023-10-01 00:00:00,003,氮氧化物,138.066,250,,0,0,2023-10-02 12:35:05,2023-10-02 12:35:05,20231001,晋城中科绿色能源有限公司
3B4152090839A0708A9E4E41D6B51622,3B4152090839A070162001B64EE4BEF7,2023-10-01 00:00:00,004,一氧化碳,5.435,80,,0,0,2023-10-02 12:35:05,2023-10-02 12:35:05,20231001,晋城中科绿色能源有限公司
3B4152090839A0708A9E4E41D6B51622,3B4152090839A070162001B64EE4BEF7,2023-10-01 00:00:00,008,氯化氢,29.588,50,,0,0,2023-10-02 12:35:05,2023-10-02 12:35:05,20231001,晋城中科绿色能源有限公司
3B45506609B3B60F43FAED752EB147EB,3B45506609B3B60F82DFE1727B42F7DF,2023-10-01 00:00:00,001,颗粒物,3.535,20,,0,0,2023-10-02 12:35:03,2023-10-02 12:35:03,20231001,宣城瀚蓝固废处理有限公司
3B45506609B3B60F43FAED752EB147EB,3B45506609B3B60F82DFE1727B42F7DF,2023-10-01 00:00:00,002,二氧化硫,33.581,80,,0,0,2023-10-02 12:35:03,2023-10-02 12:35:03,20231001,宣城瀚蓝固废处理有限公司
3B45506609B3B60F43FAED752EB147EB,3B45506609B3B60F82DFE1727B42F7DF,2023-10-01 00:00:00,003,氮氧化物,132.638,250,,0,0,2023-10-02 12:35:03,2023-10-02 12:35:03,20231001,宣城瀚蓝固废处理有限公司
3B45506609B3B60F43FAED752EB147EB,3B45506609B3B60F82DFE1727B42F7DF,2023-10-01 00:00:00,004,一氧化碳,4.711,80,,0,0,2023-10-02 12:35:03,2023-10-02 12:35:03,20231001,宣城瀚蓝固废处理有限公司
3B45506609B3B60F43FAED752EB147EB,3B45506609B3B60F82DFE1727B42F7DF,2023-10-01 00:00:00,008,氯化氢,24.995,50,,0,0,2023-10-02 12:35:03,2023-10-02 12:35:03,20231001,宣城瀚蓝固废处理有限公司
3B45506609B3B60F43FAED752EB147EB,3B45506609B3B60F95C119611102AD0C,2023-10-01 00:00:00,001,颗粒物,4.689,20,,0,0,2023-10-02 12:35:03,2023-10-02 12:35:03,20231001,宣城瀚蓝固废处理有限公司
3B45506609B3B60F43FAED752EB147EB,3B45506609B3B60F95C119611102AD0C,2023-10-01 00:00:00,002,二氧化硫,18.289,80,,0,0,2023-10-02 12:35:03,2023-10-02 12:35:03,20231001,宣城瀚蓝固废处理有限公司
3B45506609B3B60F43FAED752EB147EB,3B45506609B3B60F95C119611102AD0C,2023-10-01 00:00:00,003,氮氧化物,111.665,250,,0,0,2023-10-02 12:35:03,2023-10-02 12:35:03,20231001,宣城瀚蓝固废处理有限公司
3B45506609B3B60F43FAED752EB147EB,3B45506609B3B60F95C119611102AD0C,2023-10-01 00:00:00,004,一氧化碳,7.022,80,,0,0,2023-10-02 12:35:03,2023-10-02 12:35:03,20231001,宣城瀚蓝固废处理有限公司
3B45506609B3B60F43FAED752EB147EB,3B45506609B3B60F95C119611102AD0C,2023-10-01 00:00:00,008,氯化氢,23.236,50,,0,0,2023-10-02 12:35:03,2023-10-02 12:35:03,20231001,宣城瀚蓝固废处理有限公司
3B45506609B3B60F706DF5E44B9E82DA,3B45506609B3B60F2A0AA915DCF9A2E1,2023-10-01 00:00:00,001,颗粒物,4.588,20,,0,0,2023-10-02 12:35:03,2023-10-02 12:35:03,20231001,宁国海创环境工程有限责任公司
3B45506609B3B60F706DF5E44B9E82DA,3B45506609B3B60F2A0AA915DCF9A2E1,2023-10-01 00:00:00,002,二氧化硫,28.923,80,,0,0,2023-10-02 12:35:03,2023-10-02 12:35:03,20231001,宁国海创环境工程有限责任公司
3B45506609B3B60F706DF5E44B9E82DA,3B45506609B3B60F2A0AA915DCF9A2E1,2023-10-01 00:00:00,003,氮氧化物,130.063,250,,0,0,2023-10-02 12:35:03,2023-10-02 12:35:03,20231001,宁国海创环境工程有限责任公司
3B45506609B3B60F706DF5E44B9E82DA,3B45506609B3B60F2A0AA915DCF9A2E1,2023-10-01 00:00:00,004,一氧化碳,10.868,80,,0,0,2023-10-02 12:35:03,2023-10-02 12:35:03,20231001,宁国海创环境工程有限责任公司
3B45506609B3B60F706DF5E44B9E82DA,3B45506609B3B60F2A0AA915DCF9A2E1,2023-10-01 00:00:00,008,氯化氢,9.964,50,,0,0,2023-10-02 12:35:03,2023-10-02 12:35:03,20231001,宁国海创环境工程有限责任公司
3B45506609B3B60F90EDDC14AF24714C,3B45506609B3B60F7856028B89C0645F,2023-10-01 00:00:00,001,颗粒物,3.08,20,,0,0,2023-10-02 12:35:04,2023-10-02 12:35:04,20231001,广德皖能环保电力有限公司
3B45506609B3B60F90EDDC14AF24714C,3B45506609B3B60F7856028B89C0645F,2023-10-01 00:00:00,002,二氧化硫,60.259,80,,0,0,2023-10-02 12:35:04,2023-10-02 12:35:04,20231001,广德皖能环保电力有限公司
3B45506609B3B60F90EDDC14AF24714C,3B45506609B3B60F7856028B89C0645F,2023-10-01 00:00:00,003,氮氧化物,223.08,250,,0,0,2023-10-02 12:35:04,2023-10-02 12:35:04,20231001,广德皖能环保电力有限公司
3B45506609B3B60F90EDDC14AF24714C,3B45506609B3B60F7856028B89C0645F,2023-10-01 00:00:00,004,一氧化碳,0.217,80,,0,0,2023-10-02 12:35:04,2023-10-02 12:35:04,20231001,广德皖能环保电力有限公司
3B45506609B3B60F90EDDC14AF24714C,3B45506609B3B60F7856028B89C0645F,2023-10-01 00:00:00,008,氯化氢,10.031,50,,0,0,2023-10-02 12:35:04,2023-10-02 12:35:04,20231001,广德皖能环保电力有限公司
,,,,,,,,,,,,20231001,宣城中科环保电力有限公司
3BAF3198C0944D375FEBAF4E75DCF6B0,3BAF3198C0944D37B158C38716A8112A,2023-10-01 00:00:00,001,颗粒物,3.755,20,,0,0,2023-10-02 12:35:04,2023-10-02 12:35:04,20231001,光大环保能源（江阴）有限公司
3BAF3198C0944D375FEBAF4E75DCF6B0,3BAF3198C0944D37B158C38716A8112A,2023-10-01 00:00:00,002,二氧化硫,33.953,80,,0,0,2023-10-02 12:35:04,2023-10-02 12:35:04,20231001,光大环保能源（江阴）有限公司
3BAF3198C0944D375FEBAF4E75DCF6B0,3BAF3198C0944D37B158C38716A8112A,2023-10-01 00:00:00,003,氮氧化物,97.95,250,,0,0,2023-10-02 12:35:04,2023-10-02 12:35:04,20231001,光大环保能源（江阴）有限公司
3BAF3198C0944D375FEBAF4E75DCF6B0,3BAF3198C0944D37B158C38716A8112A,2023-10-01 00:00:00,004,一氧化碳,0.869,80,,0,0,2023-10-02 12:35:04,2023-10-02 12:35:04,20231001,光大环保能源（江阴）有限公司
3BAF3198C0944D375FEBAF4E75DCF6B0,3BAF3198C0944D37B158C38716A8112A,2023-10-01 00:00:00,008,氯化氢,4.318,50,,0,0,2023-10-02 12:35:04,2023-10-02 12:35:04,20231001,光大环保能源（江阴）有限公司
3BAF3198C0944D375FEBAF4E75DCF6B0,3BAF3198C0944D37D2AF106639369E96,2023-10-01 00:00:00,001,颗粒物,4.19,20,,0,0,2023-10-02 12:35:04,2023-10-02 12:35:04,20231001,光大环保能源（江阴）有限公司
3BAF3198C0944D375FEBAF4E75DCF6B0,3BAF3198C0944D37D2AF106639369E96,2023-10-01 00:00:00,002,二氧化硫,34.371,80,,0,0,2023-10-02 12:35:04,2023-10-02 12:35:04,20231001,光大环保能源（江阴）有限公司
3BAF3198C0944D375FEBAF4E75DCF6B0,3BAF3198C0944D37D2AF106639369E96,2023-10-01 00:00:00,003,氮氧化物,98.706,250,,0,0,2023-10-02 12:35:04,2023-10-02 12:35:04,20231001,光大环保能源（江阴）有限公司
3BAF3198C0944D375FEBAF4E75DCF6B0,3BAF3198C0944D37D2AF106639369E96,2023-10-01 00:00:00,004,一氧化碳,1.475,80,,0,0,2023-10-02 12:35:04,2023-10-02 12:35:04,20231001,光大环保能源（江阴）有限公司
3BAF3198C0944D375FEBAF4E75DCF6B0,3BAF3198C0944D37D2AF106639369E96,2023-10-01 00:00:00,008,氯化氢,1.768,50,,0,0,2023-10-02 12:35:04,2023-10-02 12:35:04,20231001,光大环保能源（江阴）有限公司
3BAF3198C0944D375FEBAF4E75DCF6B0,3BAF3198C0944D379243873D9DF9D479,2023-10-01 00:00:00,001,颗粒物,2.907,20,,0,0,2023-10-02 12:35:04,2023-10-02 12:35:04,20231001,光大环保能源（江阴）有限公司
3BAF3198C0944D375FEBAF4E75DCF6B0,3BAF3198C0944D379243873D9DF9D479,2023-10-01 00:00:00,002,二氧化硫,37.526,80,,0,0,2023-10-02 12:35:04,2023-10-02 12:35:04,20231001,光大环保能源（江阴）有限公司
3BAF3198C0944D375FEBAF4E75DCF6B0,3BAF3198C0944D379243873D9DF9D479,2023-10-01 00:00:00,003,氮氧化物,97.39,250,,0,0,2023-10-02 12:35:04,2023-10-02 12:35:04,20231001,光大环保能源（江阴）有限公司
3BAF3198C0944D375FEBAF4E75DCF6B0,3BAF3198C0944D379243873D9DF9D479,2023-10-01 00:00:00,004,一氧化碳,2.358,80,,0,0,2023-10-02 12:35:04,2023-10-02 12:35:04,20231001,光大环保能源（江阴）有限公司
3BAF3198C0944D375FEBAF4E75DCF6B0,3BAF3198C0944D379243873D9DF9D479,2023-10-01 00:00:00,008,氯化氢,2.036,50,,0,0,2023-10-02 12:35:04,2023-10-02 12:35:04,20231001,光大环保能源（江阴）有限公司
3BAF3198C0944D375FEBAF4E75DCF6B0,3BAF3198C0944D3749E8C179928D1550,2023-10-01 00:00:00,001,颗粒物,,20,,0,0,2023-10-02 12:35:04,2023-10-02 12:35:04,20231001,光大环保能源（江阴）有限公司
3BAF3198C0944D375FEBAF4E75DCF6B0,3BAF3198C0944D3749E8C179928D1550,2023-10-01 00:00:00,002,二氧化硫,,80,,0,0,2023-10-02 12:35:04,2023-10-02 12:35:04,20231001,光大环保能源（江阴）有限公司
3BAF3198C0944D375FEBAF4E75DCF6B0,3BAF3198C0944D3749E8C179928D1550,2023-10-01 00:00:00,003,氮氧化物,,250,,0,0,2023-10-02 12:35:04,2023-10-02 12:35:04,20231001,光大环保能源（江阴）有限公司
3BAF3198C0944D375FEBAF4E75DCF6B0,3BAF3198C0944D3749E8C179928D1550,2023-10-01 00:00:00,004,一氧化碳,,80,,0,0,2023-10-02 12:35:04,2023-10-02 12:35:04,20231001,光大环保能源（江阴）有限公司
3BAF3198C0944D375FEBAF4E75DCF6B0,3BAF3198C0944D3749E8C179928D1550,2023-10-01 00:00:00,008,氯化氢,,50,,0,0,2023-10-02 12:35:04,2023-10-02 12:35:04,20231001,光大环保能源（江阴）有限公司
3BAF3198C0944D375FEBAF4E75DCF6B0,3BAF3198C0944D378573D68CB5D41B5A,2023-10-01 00:00:00,001,颗粒物,4.673,20,,0,0,2023-10-02 12:35:04,2023-10-02 12:35:04,20231001,光大环保能源（江阴）有限公司
3BAF3198C0944D375FEBAF4E75DCF6B0,3BAF3198C0944D378573D68CB5D41B5A,2023-10-01 00:00:00,002,二氧化硫,6.235,80,,0,0,2023-10-02 12:35:04,2023-10-02 12:35:04,20231001,光大环保能源（江阴）有限公司
3BAF3198C0944D375FEBAF4E75DCF6B0,3BAF3198C0944D378573D68CB5D41B5A,2023-10-01 00:00:00,003,氮氧化物,87.558,250,,0,0,2023-10-02 12:35:04,2023-10-02 12:35:04,20231001,光大环保能源（江阴）有限公司
3BAF3198C0944D375FEBAF4E75DCF6B0,3BAF3198C0944D378573D68CB5D41B5A,2023-10-01 00:00:00,004,一氧化碳,4.572,80,,0,0,2023-10-02 12:35:04,2023-10-02 12:35:04,20231001,光大环保能源（江阴）有限公司
3BAF3198C0944D375FEBAF4E75DCF6B0,3BAF3198C0944D378573D68CB5D41B5A,2023-10-01 00:00:00,008,氯化氢,2.954,50,,0,0,2023-10-02 12:35:04,2023-10-02 12:35:04,20231001,光大环保能源（江阴）有限公司
3BAF3198C0944D376A2EC5E391B8A2C0,3BAF3198C0944D37D9AD78D5944F0C27,2023-10-01 00:00:00,001,颗粒物,,20,,0,0,2023-10-02 12:35:05,2023-10-02 12:35:05,20231001,光国环保能源（无锡）有限公司
3BAF3198C0944D376A2EC5E391B8A2C0,3BAF3198C0944D37D9AD78D5944F0C27,2023-10-01 00:00:00,002,二氧化硫,,80,,0,0,2023-10-02 12:35:05,2023-10-02 12:35:05,20231001,光国环保能源（无锡）有限公司
3BAF3198C0944D376A2EC5E391B8A2C0,3BAF3198C0944D37D9AD78D5944F0C27,2023-10-01 00:00:00,003,氮氧化物,,250,,0,0,2023-10-02 12:35:05,2023-10-02 12:35:05,20231001,光国环保能源（无锡）有限公司
3BAF3198C0944D376A2EC5E391B8A2C0,3BAF3198C0944D37D9AD78D5944F0C27,2023-10-01 00:00:00,004,一氧化碳,,80,,0,0,2023-10-02 12:35:05,2023-10-02 12:35:05,20231001,光国环保能源（无锡）有限公司
3BAF3198C0944D376A2EC5E391B8A2C0,3BAF3198C0944D37D9AD78D5944F0C27,2023-10-01 00:00:00,008,氯化氢,,50,,0,0,2023-10-02 12:35:05,2023-10-02 12:35:05,20231001,光国环保能源（无锡）有限公司
3BAF3198C0944D376A2EC5E391B8A2C0,3BAF3198C0944D376BD29E877194F23C,2023-10-01 00:00:00,001,颗粒物,0.54,20,,0,0,2023-10-02 12:35:05,2023-10-02 12:35:05,20231001,光国环保能源（无锡）有限公司
3BAF3198C0944D376A2EC5E391B8A2C0,3BAF3198C0944D376BD29E877194F23C,2023-10-01 00:00:00,002,二氧化硫,2.085,80,,0,0,2023-10-02 12:35:05,2023-10-02 12:35:05,20231001,光国环保能源（无锡）有限公司
3BAF3198C0944D376A2EC5E391B8A2C0,3BAF3198C0944D376BD29E877194F23C,2023-10-01 00:00:00,003,氮氧化物,32.909,250,,0,0,2023-10-02 12:35:05,2023-10-02 12:35:05,20231001,光国环保能源（无锡）有限公司
3BAF3198C0944D376A2EC5E391B8A2C0,3BAF3198C0944D376BD29E877194F23C,2023-10-01 00:00:00,004,一氧化碳,6.126,80,,0,0,2023-10-02 12:35:05,2023-10-02 12:35:05,20231001,光国环保能源（无锡）有限公司
3BAF3198C0944D376A2EC5E391B8A2C0,3BAF3198C0944D376BD29E877194F23C,2023-10-01 00:00:00,008,氯化氢,0.238,50,,0,0,2023-10-02 12:35:05,2023-10-02 12:35:05,20231001,光国环保能源（无锡）有限公司
3BAF3198C0944D376A2EC5E391B8A2C0,3BAF3198C0944D3753E6CF2D092965A7,2023-10-01 00:00:00,001,颗粒物,0.663,20,,0,0,2023-10-02 12:35:05,2023-10-02 12:35:05,20231001,光国环保能源（无锡）有限公司
3BAF3198C0944D376A2EC5E391B8A2C0,3BAF3198C0944D3753E6CF2D092965A7,2023-10-01 00:00:00,002,二氧化硫,0.6,80,,0,0,2023-10-02 12:35:05,2023-10-02 12:35:05,20231001,光国环保能源（无锡）有限公司
3BAF3198C0944D376A2EC5E391B8A2C0,3BAF3198C0944D3753E6CF2D092965A7,2023-10-01 00:00:00,003,氮氧化物,34.901,250,,0,0,2023-10-02 12:35:05,2023-10-02 12:35:05,20231001,光国环保能源（无锡）有限公司
3BAF3198C0944D376A2EC5E391B8A2C0,3BAF3198C0944D3753E6CF2D092965A7,2023-10-01 00:00:00,004,一氧化碳,1.241,80,,0,0,2023-10-02 12:35:05,2023-10-02 12:35:05,20231001,光国环保能源（无锡）有限公司
3BAF3198C0944D376A2EC5E391B8A2C0,3BAF3198C0944D3753E6CF2D092965A7,2023-10-01 00:00:00,008,氯化氢,0.234,50,,0,0,2023-10-02 12:35:05,2023-10-02 12:35:05,20231001,光国环保能源（无锡）有限公司
3BAF3198C0944D379FED51DE6CAB9043,3BAF3198C0944D372BD9637D5A7E56F8,2023-10-01 00:00:00,001,颗粒物,1.862,20,,0,0,2023-10-02 12:35:04,2023-10-02 12:35:04,20231001,光大环保能源（宜兴）有限公司
3BAF3198C0944D379FED51DE6CAB9043,3BAF3198C0944D372BD9637D5A7E56F8,2023-10-01 00:00:00,002,二氧化硫,9.162,80,,0,0,2023-10-02 12:35:04,2023-10-02 12:35:04,20231001,光大环保能源（宜兴）有限公司
3BAF3198C0944D379FED51DE6CAB9043,3BAF3198C0944D372BD9637D5A7E56F8,2023-10-01 00:00:00,003,氮氧化物,64.582,250,,0,0,2023-10-02 12:35:04,2023-10-02 12:35:04,20231001,光大环保能源（宜兴）有限公司
3BAF3198C0944D379FED51DE6CAB9043,3BAF3198C0944D372BD9637D5A7E56F8,2023-10-01 00:00:00,004,一氧化碳,0.681,80,,0,0,2023-10-02 12:35:04,2023-10-02 12:35:04,20231001,光大环保能源（宜兴）有限公司
3BAF3198C0944D379FED51DE6CAB9043,3BAF3198C0944D372BD9637D5A7E56F8,2023-10-01 00:00:00,008,氯化氢,3.674,50,,0,0,2023-10-02 12:35:04,2023-10-02 12:35:04,20231001,光大环保能源（宜兴）有限公司
3BAF3198C0944D379FED51DE6CAB9043,3BAF3198C0944D374EB274A4E8C51A3B,2023-10-01 00:00:00,001,颗粒物,1.403,20,,0,0,2023-10-02 12:35:04,2023-10-02 12:35:04,20231001,光大环保能源（宜兴）有限公司
3BAF3198C0944D379FED51DE6CAB9043,3BAF3198C0944D374EB274A4E8C51A3B,2023-10-01 00:00:00,002,二氧化硫,8.887,80,,0,0,2023-10-02 12:35:04,2023-10-02 12:35:04,20231001,光大环保能源（宜兴）有限公司
3BAF3198C0944D379FED51DE6CAB9043,3BAF3198C0944D374EB274A4E8C51A3B,2023-10-01 00:00:00,003,氮氧化物,66.716,250,,0,0,2023-10-02 12:35:04,2023-10-02 12:35:04,20231001,光大环保能源（宜兴）有限公司
3BAF3198C0944D379FED51DE6CAB9043,3BAF3198C0944D374EB274A4E8C51A3B,2023-10-01 00:00:00,004,一氧化碳,1.145,80,,0,0,2023-10-02 12:35:04,2023-10-02 12:35:04,20231001,光大环保能源（宜兴）有限公司
3BAF3198C0944D379FED51DE6CAB9043,3BAF3198C0944D374EB274A4E8C51A3B,2023-10-01 00:00:00,008,氯化氢,2.93,50,,0,0,2023-10-02 12:35:04,2023-10-02 12:35:04,20231001,光大环保能源（宜兴）有限公司
3BAF3198C0944D37B6C61EF4F19022FA,3BAF3198C0944D37C011E4BA2AF25F9E,2023-10-01 00:00:00,001,颗粒物,0.822,20,,0,0,2023-10-02 12:35:05,2023-10-02 12:35:05,20231001,无锡锡东环保能源有限公司
3BAF3198C0944D37B6C61EF4F19022FA,3BAF3198C0944D37C011E4BA2AF25F9E,2023-10-01 00:00:00,002,二氧化硫,20.571,80,,0,0,2023-10-02 12:35:05,2023-10-02 12:35:05,20231001,无锡锡东环保能源有限公司
3BAF3198C0944D37B6C61EF4F19022FA,3BAF3198C0944D37C011E4BA2AF25F9E,2023-10-01 00:00:00,003,氮氧化物,114.867,250,,0,0,2023-10-02 12:35:05,2023-10-02 12:35:05,20231001,无锡锡东环保能源有限公司
3BAF3198C0944D37B6C61EF4F19022FA,3BAF3198C0944D37C011E4BA2AF25F9E,2023-10-01 00:00:00,004,一氧化碳,6.838,80,,0,0,2023-10-02 12:35:05,2023-10-02 12:35:05,20231001,无锡锡东环保能源有限公司
3BAF3198C0944D37B6C61EF4F19022FA,3BAF3198C0944D37C011E4BA2AF25F9E,2023-10-01 00:00:00,008,氯化氢,2.72,50,,0,0,2023-10-02 12:35:05,2023-10-02 12:35:05,20231001,无锡锡东环保能源有限公司
3BAF3198C0944D37B6C61EF4F19022FA,3BAF3198C0944D37574D2F7CC78C86BC,2023-10-01 00:00:00,001,颗粒物,0.277,20,,0,0,2023-10-02 12:35:05,2023-10-02 12:35:05,20231001,无锡锡东环保能源有限公司
3BAF3198C0944D37B6C61EF4F19022FA,3BAF3198C0944D37574D2F7CC78C86BC,2023-10-01 00:00:00,002,二氧化硫,19.582,80,,0,0,2023-10-02 12:35:05,2023-10-02 12:35:05,20231001,无锡锡东环保能源有限公司
3BAF3198C0944D37B6C61EF4F19022FA,3BAF3198C0944D37574D2F7CC78C86BC,2023-10-01 00:00:00,003,氮氧化物,99.144,250,,0,0,2023-10-02 12:35:05,2023-10-02 12:35:05,20231001,无锡锡东环保能源有限公司
3BAF3198C0944D37B6C61EF4F19022FA,3BAF3198C0944D37574D2F7CC78C86BC,2023-10-01 00:00:00,004,一氧化碳,5.107,80,,0,0,2023-10-02 12:35:05,2023-10-02 12:35:05,20231001,无锡锡东环保能源有限公司
3BAF3198C0944D37B6C61EF4F19022FA,3BAF3198C0944D37574D2F7CC78C86BC,2023-10-01 00:00:00,008,氯化氢,2.979,50,,0,0,2023-10-02 12:35:05,2023-10-02 12:35:05,20231001,无锡锡东环保能源有限公司
3BAF3198C0944D37B6C61EF4F19022FA,3BAF3198C0944D37F86E879EF90E6C1A,2023-10-01 00:00:00,001,颗粒物,0.404,20,,0,0,2023-10-02 12:35:05,2023-10-02 12:35:05,20231001,无锡锡东环保能源有限公司
3BAF3198C0944D37B6C61EF4F19022FA,3BAF3198C0944D37F86E879EF90E6C1A,2023-10-01 00:00:00,002,二氧化硫,11.893,80,,0,0,2023-10-02 12:35:05,2023-10-02 12:35:05,20231001,无锡锡东环保能源有限公司
3BAF3198C0944D37B6C61EF4F19022FA,3BAF3198C0944D37F86E879EF90E6C1A,2023-10-01 00:00:00,003,氮氧化物,116.033,250,,0,0,2023-10-02 12:35:05,2023-10-02 12:35:05,20231001,无锡锡东环保能源有限公司
3BAF3198C0944D37B6C61EF4F19022FA,3BAF3198C0944D37F86E879EF90E6C1A,2023-10-01 00:00:00,004,一氧化碳,2.164,80,,0,0,2023-10-02 12:35:05,2023-10-02 12:35:05,20231001,无锡锡东环保能源有限公司
3BAF3198C0944D37B6C61EF4F19022FA,3BAF3198C0944D37F86E879EF90E6C1A,2023-10-01 00:00:00,008,氯化氢,3.787,50,,0,0,2023-10-02 12:35:05,2023-10-02 12:35:05,20231001,无锡锡东环保能源有限公司
3BAF3198C0944D37B6C61EF4F19022FA,3BAF3198C0944D37A0EDDB640C3FC599,2023-10-01 00:00:00,001,颗粒物,0.805,20,,0,0,2023-10-02 12:35:05,2023-10-02 12:35:05,20231001,无锡锡东环保能源有限公司
3BAF3198C0944D37B6C61EF4F19022FA,3BAF3198C0944D37A0EDDB640C3FC599,2023-10-01 00:00:00,002,二氧化硫,18.707,80,,0,0,2023-10-02 12:35:05,2023-10-02 12:35:05,20231001,无锡锡东环保能源有限公司
3BAF3198C0944D37B6C61EF4F19022FA,3BAF3198C0944D37A0EDDB640C3FC599,2023-10-01 00:00:00,003,氮氧化物,100.986,250,,0,0,2023-10-02 12:35:05,2023-10-02 12:35:05,20231001,无锡锡东环保能源有限公司
3BAF3198C0944D37B6C61EF4F19022FA,3BAF3198C0944D37A0EDDB640C3FC599,2023-10-01 00:00:00,004,一氧化碳,8.073,80,,0,0,2023-10-02 12:35:05,2023-10-02 12:35:05,20231001,无锡锡东环保能源有限公司
3BAF3198C0944D37B6C61EF4F19022FA,3BAF3198C0944D37A0EDDB640C3FC599,2023-10-01 00:00:00,008,氯化氢,1.991,50,,0,0,2023-10-02 12:35:05,2023-10-02 12:35:05,20231001,无锡锡东环保能源有限公司
3BE32931AD169A5A54A9DC1F07E920DA,3BE32931AD169A5A7D6989243228AF18,2023-10-01 00:00:00,001,颗粒物,0.954,20,,0,0,2023-10-02 12:35:08,2023-10-02 12:35:08,20231001,中机眉山再生能源有限公司
3BE32931AD169A5A54A9DC1F07E920DA,3BE32931AD169A5A7D6989243228AF18,2023-10-01 00:00:00,002,二氧化硫,53.564,80,,0,0,2023-10-02 12:35:08,2023-10-02 12:35:08,20231001,中机眉山再生能源有限公司
3BE32931AD169A5A54A9DC1F07E920DA,3BE32931AD169A5A7D6989243228AF18,2023-10-01 00:00:00,003,氮氧化物,177.271,250,,0,0,2023-10-02 12:35:08,2023-10-02 12:35:08,20231001,中机眉山再生能源有限公司
3BE32931AD169A5A54A9DC1F07E920DA,3BE32931AD169A5A7D6989243228AF18,2023-10-01 00:00:00,004,一氧化碳,31.153,80,,0,0,2023-10-02 12:35:08,2023-10-02 12:35:08,20231001,中机眉山再生能源有限公司
3BE32931AD169A5A54A9DC1F07E920DA,3BE32931AD169A5A7D6989243228AF18,2023-10-01 00:00:00,008,氯化氢,6.418,50,,0,0,2023-10-02 12:35:08,2023-10-02 12:35:08,20231001,中机眉山再生能源有限公司
3BE32931AD169A5A54A9DC1F07E920DA,3BE32931AD169A5A68D20356BA7B958F,2023-10-01 00:00:00,001,颗粒物,,20,,0,0,2023-10-02 12:35:07,2023-10-02 12:35:07,20231001,中机眉山再生能源有限公司
3BE32931AD169A5A54A9DC1F07E920DA,3BE32931AD169A5A68D20356BA7B958F,2023-10-01 00:00:00,002,二氧化硫,,80,,0,0,2023-10-02 12:35:07,2023-10-02 12:35:07,20231001,中机眉山再生能源有限公司
3BE32931AD169A5A54A9DC1F07E920DA,3BE32931AD169A5A68D20356BA7B958F,2023-10-01 00:00:00,003,氮氧化物,,250,,0,0,2023-10-02 12:35:07,2023-10-02 12:35:07,20231001,中机眉山再生能源有限公司
3BE32931AD169A5A54A9DC1F07E920DA,3BE32931AD169A5A68D20356BA7B958F,2023-10-01 00:00:00,004,一氧化碳,,80,,0,0,2023-10-02 12:35:07,2023-10-02 12:35:07,20231001,中机眉山再生能源有限公司
3BE32931AD169A5A54A9DC1F07E920DA,3BE32931AD169A5A68D20356BA7B958F,2023-10-01 00:00:00,008,氯化氢,,50,,0,0,2023-10-02 12:35:07,2023-10-02 12:35:07,20231001,中机眉山再生能源有限公司
3BE32931AD169A5A54A9DC1F07E920DA,3BE32931AD169A5A545E93CF93B3F5F1,2023-10-01 00:00:00,001,颗粒物,6.128,20,,0,0,2023-10-02 12:35:07,2023-10-02 12:35:07,20231001,中机眉山再生能源有限公司
3BE32931AD169A5A54A9DC1F07E920DA,3BE32931AD169A5A545E93CF93B3F5F1,2023-10-01 00:00:00,002,二氧化硫,7.578,80,,0,0,2023-10-02 12:35:07,2023-10-02 12:35:07,20231001,中机眉山再生能源有限公司
3BE32931AD169A5A54A9DC1F07E920DA,3BE32931AD169A5A545E93CF93B3F5F1,2023-10-01 00:00:00,003,氮氧化物,220.983,250,,0,0,2023-10-02 12:35:07,2023-10-02 12:35:07,20231001,中机眉山再生能源有限公司
3BE32931AD169A5A54A9DC1F07E920DA,3BE32931AD169A5A545E93CF93B3F5F1,2023-10-01 00:00:00,004,一氧化碳,46.494,80,,0,0,2023-10-02 12:35:07,2023-10-02 12:35:07,20231001,中机眉山再生能源有限公司
3BE32931AD169A5A54A9DC1F07E920DA,3BE32931AD169A5A545E93CF93B3F5F1,2023-10-01 00:00:00,008,氯化氢,30.204,50,,0,0,2023-10-02 12:35:07,2023-10-02 12:35:07,20231001,中机眉山再生能源有限公司
3BE32931AD169A5AFB468E087774048A,3BE32931AD169A5A85ECA94204B22488,2023-10-01 00:00:00,001,颗粒物,1.975,20,,0,0,2023-10-02 12:35:07,2023-10-02 12:35:07,20231001,仁寿川能环保能源有限公司
3BE32931AD169A5AFB468E087774048A,3BE32931AD169A5A85ECA94204B22488,2023-10-01 00:00:00,002,二氧化硫,44.284,80,,0,0,2023-10-02 12:35:07,2023-10-02 12:35:07,20231001,仁寿川能环保能源有限公司
3BE32931AD169A5AFB468E087774048A,3BE32931AD169A5A85ECA94204B22488,2023-10-01 00:00:00,003,氮氧化物,135.337,250,,0,0,2023-10-02 12:35:07,2023-10-02 12:35:07,20231001,仁寿川能环保能源有限公司
3BE32931AD169A5AFB468E087774048A,3BE32931AD169A5A85ECA94204B22488,2023-10-01 00:00:00,004,一氧化碳,9.64,80,,0,0,2023-10-02 12:35:07,2023-10-02 12:35:07,20231001,仁寿川能环保能源有限公司
3BE32931AD169A5AFB468E087774048A,3BE32931AD169A5A85ECA94204B22488,2023-10-01 00:00:00,008,氯化氢,6.16,50,,0,0,2023-10-02 12:35:07,2023-10-02 12:35:07,20231001,仁寿川能环保能源有限公司
3BE32931AD169A5AFB468E087774048A,3BE32931AD169A5AB9C6999298A024FF,2023-10-01 00:00:00,001,颗粒物,,20,,0,0,2023-10-02 12:35:07,2023-10-02 12:35:07,20231001,仁寿川能环保能源有限公司
3BE32931AD169A5AFB468E087774048A,3BE32931AD169A5AB9C6999298A024FF,2023-10-01 00:00:00,002,二氧化硫,,80,,0,0,2023-10-02 12:35:07,2023-10-02 12:35:07,20231001,仁寿川能环保能源有限公司
3BE32931AD169A5AFB468E087774048A,3BE32931AD169A5AB9C6999298A024FF,2023-10-01 00:00:00,003,氮氧化物,,250,,0,0,2023-10-02 12:35:07,2023-10-02 12:35:07,20231001,仁寿川能环保能源有限公司
3BE32931AD169A5AFB468E087774048A,3BE32931AD169A5AB9C6999298A024FF,2023-10-01 00:00:00,004,一氧化碳,,80,,0,0,2023-10-02 12:35:07,2023-10-02 12:35:07,20231001,仁寿川能环保能源有限公司
3BE32931AD169A5AFB468E087774048A,3BE32931AD169A5AB9C6999298A024FF,2023-10-01 00:00:00,008,氯化氢,,50,,0,0,2023-10-02 12:35:07,2023-10-02 12:35:07,20231001,仁寿川能环保能源有限公司
3E22DA83672A69970774BD47EE6626D3,3E22DA83672A6997E6F7783BB5CC01A2,2023-10-01 00:00:00,001,颗粒物,,20,CEMS维护,0,0,2023-10-02 12:35:05,2023-10-02 12:35:05,20231001,中节能（黄骅）环保能源有限公司
3E22DA83672A69970774BD47EE6626D3,3E22DA83672A6997E6F7783BB5CC01A2,2023-10-01 00:00:00,002,二氧化硫,,80,CEMS维护,0,0,2023-10-02 12:35:05,2023-10-02 12:35:05,20231001,中节能（黄骅）环保能源有限公司
3E22DA83672A69970774BD47EE6626D3,3E22DA83672A6997E6F7783BB5CC01A2,2023-10-01 00:00:00,003,氮氧化物,,250,CEMS维护,0,0,2023-10-02 12:35:05,2023-10-02 12:35:05,20231001,中节能（黄骅）环保能源有限公司
3E22DA83672A69970774BD47EE6626D3,3E22DA83672A6997E6F7783BB5CC01A2,2023-10-01 00:00:00,004,一氧化碳,,80,CEMS维护,0,0,2023-10-02 12:35:05,2023-10-02 12:35:05,20231001,中节能（黄骅）环保能源有限公司
3E22DA83672A69970774BD47EE6626D3,3E22DA83672A6997E6F7783BB5CC01A2,2023-10-01 00:00:00,008,氯化氢,,50,CEMS维护,0,0,2023-10-02 12:35:05,2023-10-02 12:35:05,20231001,中节能（黄骅）环保能源有限公司
3E22DA83672A699734411A42BE675AEB,3E22DA83672A699761EC83AFF80B8A03,2023-10-01 00:00:00,001,颗粒物,3.762,20,,0,0,2023-10-02 12:35:05,2023-10-02 12:35:05,20231001,任丘深能环保有限公司
3E22DA83672A699734411A42BE675AEB,3E22DA83672A699761EC83AFF80B8A03,2023-10-01 00:00:00,002,二氧化硫,17.957,80,,0,0,2023-10-02 12:35:05,2023-10-02 12:35:05,20231001,任丘深能环保有限公司
3E22DA83672A699734411A42BE675AEB,3E22DA83672A699761EC83AFF80B8A03,2023-10-01 00:00:00,003,氮氧化物,163.551,250,,0,0,2023-10-02 12:35:05,2023-10-02 12:35:05,20231001,任丘深能环保有限公司
3E22DA83672A699734411A42BE675AEB,3E22DA83672A699761EC83AFF80B8A03,2023-10-01 00:00:00,004,一氧化碳,0.715,80,,0,0,2023-10-02 12:35:05,2023-10-02 12:35:05,20231001,任丘深能环保有限公司
3E22DA83672A699734411A42BE675AEB,3E22DA83672A699761EC83AFF80B8A03,2023-10-01 00:00:00,008,氯化氢,19.754,50,,0,0,2023-10-02 12:35:05,2023-10-02 12:35:05,20231001,任丘深能环保有限公司
3E22DA83672A699734411A42BE675AEB,3E22DA83672A6997072232CF19409812,2023-10-01 00:00:00,001,颗粒物,1.356,20,,0,0,2023-10-02 12:35:05,2023-10-02 12:35:05,20231001,任丘深能环保有限公司
3E22DA83672A699734411A42BE675AEB,3E22DA83672A6997072232CF19409812,2023-10-01 00:00:00,002,二氧化硫,14.058,80,,0,0,2023-10-02 12:35:05,2023-10-02 12:35:05,20231001,任丘深能环保有限公司
3E22DA83672A699734411A42BE675AEB,3E22DA83672A6997072232CF19409812,2023-10-01 00:00:00,003,氮氧化物,158.278,250,,0,0,2023-10-02 12:35:05,2023-10-02 12:35:05,20231001,任丘深能环保有限公司
3E22DA83672A699734411A42BE675AEB,3E22DA83672A6997072232CF19409812,2023-10-01 00:00:00,004,一氧化碳,0.783,80,,0,0,2023-10-02 12:35:05,2023-10-02 12:35:05,20231001,任丘深能环保有限公司
3E22DA83672A699734411A42BE675AEB,3E22DA83672A6997072232CF19409812,2023-10-01 00:00:00,008,氯化氢,16.196,50,,0,0,2023-10-02 12:35:05,2023-10-02 12:35:05,20231001,任丘深能环保有限公司
3E22DA83672A69977F162D189A1DDCA6,3E22DA83672A6997854D4CD10AA1EFAB,2023-10-01 00:00:00,001,颗粒物,2.539,8,,0,0,2023-10-02 12:35:05,2023-10-02 12:35:05,20231001,光大环保能源（献县）有限公司
3E22DA83672A69977F162D189A1DDCA6,3E22DA83672A6997854D4CD10AA1EFAB,2023-10-01 00:00:00,002,二氧化硫,18.535,20,,0,0,2023-10-02 12:35:05,2023-10-02 12:35:05,20231001,光大环保能源（献县）有限公司
3E22DA83672A69977F162D189A1DDCA6,3E22DA83672A6997854D4CD10AA1EFAB,2023-10-01 00:00:00,003,氮氧化物,93.17,100,,0,0,2023-10-02 12:35:05,2023-10-02 12:35:05,20231001,光大环保能源（献县）有限公司
3E22DA83672A69977F162D189A1DDCA6,3E22DA83672A6997854D4CD10AA1EFAB,2023-10-01 00:00:00,004,一氧化碳,1.423,80,,0,0,2023-10-02 12:35:05,2023-10-02 12:35:05,20231001,光大环保能源（献县）有限公司
3E22DA83672A69977F162D189A1DDCA6,3E22DA83672A6997854D4CD10AA1EFAB,2023-10-01 00:00:00,008,氯化氢,13.707,50,,0,0,2023-10-02 12:35:05,2023-10-02 12:35:05,20231001,光大环保能源（献县）有限公司
3E22DA83672A69977F162D189A1DDCA6,3E22DA83672A6997DD4AA30388692298,2023-10-01 00:00:00,001,颗粒物,3.883,8,,0,0,2023-10-02 12:35:05,2023-10-02 12:35:05,20231001,光大环保能源（献县）有限公司
3E22DA83672A69977F162D189A1DDCA6,3E22DA83672A6997DD4AA30388692298,2023-10-01 00:00:00,002,二氧化硫,17.922,20,,0,0,2023-10-02 12:35:05,2023-10-02 12:35:05,20231001,光大环保能源（献县）有限公司
3E22DA83672A69977F162D189A1DDCA6,3E22DA83672A6997DD4AA30388692298,2023-10-01 00:00:00,003,氮氧化物,88.843,100,,0,0,2023-10-02 12:35:05,2023-10-02 12:35:05,20231001,光大环保能源（献县）有限公司
3E22DA83672A69977F162D189A1DDCA6,3E22DA83672A6997DD4AA30388692298,2023-10-01 00:00:00,004,一氧化碳,3.806,80,,0,0,2023-10-02 12:35:05,2023-10-02 12:35:05,20231001,光大环保能源（献县）有限公司
3E22DA83672A69977F162D189A1DDCA6,3E22DA83672A6997DD4AA30388692298,2023-10-01 00:00:00,008,氯化氢,2.096,50,,0,0,2023-10-02 12:35:05,2023-10-02 12:35:05,20231001,光大环保能源（献县）有限公司
3E22DA83672A6997BC4F91C4D9CD99DF,3E22DA83672A69976E604833B921531B,2023-10-01 00:00:00,001,颗粒物,,20,,0,0,2023-10-02 12:35:05,2023-10-02 12:35:05,20231001,沧州京投环保科技有限公司
3E22DA83672A6997BC4F91C4D9CD99DF,3E22DA83672A69976E604833B921531B,2023-10-01 00:00:00,002,二氧化硫,,80,,0,0,2023-10-02 12:35:05,2023-10-02 12:35:05,20231001,沧州京投环保科技有限公司
3E22DA83672A6997BC4F91C4D9CD99DF,3E22DA83672A69976E604833B921531B,2023-10-01 00:00:00,003,氮氧化物,,250,,0,0,2023-10-02 12:35:05,2023-10-02 12:35:05,20231001,沧州京投环保科技有限公司
3E22DA83672A6997BC4F91C4D9CD99DF,3E22DA83672A69976E604833B921531B,2023-10-01 00:00:00,004,一氧化碳,,80,,0,0,2023-10-02 12:35:05,2023-10-02 12:35:05,20231001,沧州京投环保科技有限公司
3E22DA83672A6997BC4F91C4D9CD99DF,3E22DA83672A69976E604833B921531B,2023-10-01 00:00:00,008,氯化氢,,50,,0,0,2023-10-02 12:35:05,2023-10-02 12:35:05,20231001,沧州京投环保科技有限公司
3E22DA83672A6997BC4F91C4D9CD99DF,3E22DA83672A6997200CFB752A71A584,2023-10-01 00:00:00,001,颗粒物,2.092,20,,0,0,2023-10-02 12:35:05,2023-10-02 12:35:05,20231001,沧州京投环保科技有限公司
3E22DA83672A6997BC4F91C4D9CD99DF,3E22DA83672A6997200CFB752A71A584,2023-10-01 00:00:00,002,二氧化硫,52.939,80,,0,0,2023-10-02 12:35:05,2023-10-02 12:35:05,20231001,沧州京投环保科技有限公司
3E22DA83672A6997BC4F91C4D9CD99DF,3E22DA83672A6997200CFB752A71A584,2023-10-01 00:00:00,003,氮氧化物,215.764,250,,0,0,2023-10-02 12:35:05,2023-10-02 12:35:05,20231001,沧州京投环保科技有限公司
3E22DA83672A6997BC4F91C4D9CD99DF,3E22DA83672A6997200CFB752A71A584,2023-10-01 00:00:00,004,一氧化碳,7.876,80,,0,0,2023-10-02 12:35:05,2023-10-02 12:35:05,20231001,沧州京投环保科技有限公司
3E22DA83672A6997BC4F91C4D9CD99DF,3E22DA83672A6997200CFB752A71A584,2023-10-01 00:00:00,008,氯化氢,6.748,50,,0,0,2023-10-02 12:35:05,2023-10-02 12:35:05,20231001,沧州京投环保科技有限公司
3E22DA83672A6997C05FD8763F95BDD7,3E22DA83672A6997C1A864241743A6F9,2023-10-01 00:00:00,001,颗粒物,1.832,20,,0,0,2023-10-02 12:35:05,2023-10-02 12:35:05,20231001,中节能（沧州）环保能源有限公司
3E22DA83672A6997C05FD8763F95BDD7,3E22DA83672A6997C1A864241743A6F9,2023-10-01 00:00:00,002,二氧化硫,16.373,80,,0,0,2023-10-02 12:35:05,2023-10-02 12:35:05,20231001,中节能（沧州）环保能源有限公司
3E22DA83672A6997C05FD8763F95BDD7,3E22DA83672A6997C1A864241743A6F9,2023-10-01 00:00:00,003,氮氧化物,53.74,250,,0,0,2023-10-02 12:35:05,2023-10-02 12:35:05,20231001,中节能（沧州）环保能源有限公司
3E22DA83672A6997C05FD8763F95BDD7,3E22DA83672A6997C1A864241743A6F9,2023-10-01 00:00:00,004,一氧化碳,3.21,80,,0,0,2023-10-02 12:35:05,2023-10-02 12:35:05,20231001,中节能（沧州）环保能源有限公司
3E22DA83672A6997C05FD8763F95BDD7,3E22DA83672A6997C1A864241743A6F9,2023-10-01 00:00:00,008,氯化氢,4.991,50,,0,0,2023-10-02 12:35:05,2023-10-02 12:35:05,20231001,中节能（沧州）环保能源有限公司
3E22DA83672A6997C05FD8763F95BDD7,3E22DA83672A6997CB85BE05102ED554,2023-10-01 00:00:00,001,颗粒物,,20,,0,0,2023-10-02 12:35:05,2023-10-02 12:35:05,20231001,中节能（沧州）环保能源有限公司
3E22DA83672A6997C05FD8763F95BDD7,3E22DA83672A6997CB85BE05102ED554,2023-10-01 00:00:00,002,二氧化硫,,80,,0,0,2023-10-02 12:35:05,2023-10-02 12:35:05,20231001,中节能（沧州）环保能源有限公司
3E22DA83672A6997C05FD8763F95BDD7,3E22DA83672A6997CB85BE05102ED554,2023-10-01 00:00:00,003,氮氧化物,,250,,0,0,2023-10-02 12:35:05,2023-10-02 12:35:05,20231001,中节能（沧州）环保能源有限公司
3E22DA83672A6997C05FD8763F95BDD7,3E22DA83672A6997CB85BE05102ED554,2023-10-01 00:00:00,004,一氧化碳,,80,,0,0,2023-10-02 12:35:05,2023-10-02 12:35:05,20231001,中节能（沧州）环保能源有限公司
3E22DA83672A6997C05FD8763F95BDD7,3E22DA83672A6997CB85BE05102ED554,2023-10-01 00:00:00,008,氯化氢,,50,,0,0,2023-10-02 12:35:05,2023-10-02 12:35:05,20231001,中节能（沧州）环保能源有限公司
3E22DA83672A6997C05FD8763F95BDD7,3E22DA83672A699702C1F2FF6A5FF6DE,2023-10-01 00:00:00,001,颗粒物,4.828,20,,0,0,2023-10-02 12:35:05,2023-10-02 12:35:05,20231001,中节能（沧州）环保能源有限公司
3E22DA83672A6997C05FD8763F95BDD7,3E22DA83672A699702C1F2FF6A5FF6DE,2023-10-01 00:00:00,002,二氧化硫,13.948,80,,0,0,2023-10-02 12:35:05,2023-10-02 12:35:05,20231001,中节能（沧州）环保能源有限公司
3E22DA83672A6997C05FD8763F95BDD7,3E22DA83672A699702C1F2FF6A5FF6DE,2023-10-01 00:00:00,003,氮氧化物,57.743,250,,0,0,2023-10-02 12:35:05,2023-10-02 12:35:05,20231001,中节能（沧州）环保能源有限公司
3E22DA83672A6997C05FD8763F95BDD7,3E22DA83672A699702C1F2FF6A5FF6DE,2023-10-01 00:00:00,004,一氧化碳,1.939,80,,0,0,2023-10-02 12:35:05,2023-10-02 12:35:05,20231001,中节能（沧州）环保能源有限公司
3E22DA83672A6997C05FD8763F95BDD7,3E22DA83672A699702C1F2FF6A5FF6DE,2023-10-01 00:00:00,008,氯化氢,6.708,50,,0,0,2023-10-02 12:35:05,2023-10-02 12:35:05,20231001,中节能（沧州）环保能源有限公司
3E22DA83672A6997FF4050B05152053A,3E22DA83672A699717066B4CDFD1D2EB,2023-10-01 00:00:00,001,颗粒物,0.687,8,,0,0,2023-10-02 12:35:05,2023-10-02 12:35:05,20231001,中节能（东光）环保能源有限公司
3E22DA83672A6997FF4050B05152053A,3E22DA83672A699717066B4CDFD1D2EB,2023-10-01 00:00:00,002,二氧化硫,18.969,20,,0,0,2023-10-02 12:35:05,2023-10-02 12:35:05,20231001,中节能（东光）环保能源有限公司
3E22DA83672A6997FF4050B05152053A,3E22DA83672A699717066B4CDFD1D2EB,2023-10-01 00:00:00,003,氮氧化物,41.173,100,,0,0,2023-10-02 12:35:05,2023-10-02 12:35:05,20231001,中节能（东光）环保能源有限公司
3E22DA83672A6997FF4050B05152053A,3E22DA83672A699717066B4CDFD1D2EB,2023-10-01 00:00:00,004,一氧化碳,3.693,80,,0,0,2023-10-02 12:35:05,2023-10-02 12:35:05,20231001,中节能（东光）环保能源有限公司
3E22DA83672A6997FF4050B05152053A,3E22DA83672A699717066B4CDFD1D2EB,2023-10-01 00:00:00,008,氯化氢,11.99,50,,0,0,2023-10-02 12:35:05,2023-10-02 12:35:05,20231001,中节能（东光）环保能源有限公司
3E22DA83672A6997FF4050B05152053A,3E22DA83672A69972779DE82C39060D5,2023-10-01 00:00:00,001,颗粒物,1.834,8,,0,0,2023-10-02 12:35:05,2023-10-02 12:35:05,20231001,中节能（东光）环保能源有限公司
3E22DA83672A6997FF4050B05152053A,3E22DA83672A69972779DE82C39060D5,2023-10-01 00:00:00,002,二氧化硫,19.431,20,,0,0,2023-10-02 12:35:05,2023-10-02 12:35:05,20231001,中节能（东光）环保能源有限公司
3E22DA83672A6997FF4050B05152053A,3E22DA83672A69972779DE82C39060D5,2023-10-01 00:00:00,003,氮氧化物,42.795,100,,0,0,2023-10-02 12:35:05,2023-10-02 12:35:05,20231001,中节能（东光）环保能源有限公司
3E22DA83672A6997FF4050B05152053A,3E22DA83672A69972779DE82C39060D5,2023-10-01 00:00:00,004,一氧化碳,2.472,80,,0,0,2023-10-02 12:35:05,2023-10-02 12:35:05,20231001,中节能（东光）环保能源有限公司
3E22DA83672A6997FF4050B05152053A,3E22DA83672A69972779DE82C39060D5,2023-10-01 00:00:00,008,氯化氢,17.385,50,,0,0,2023-10-02 12:35:05,2023-10-02 12:35:05,20231001,中节能（东光）环保能源有限公司
3E458CF3D8129DCDE2830A188C9E0913,3E458CF3D8129DCD1F5AD20E9B813F02,2023-10-01 00:00:00,001,颗粒物,,20,,0,0,2023-10-02 12:35:07,2023-10-02 12:35:07,20231001,敦化市中能环保电力有限公司
3E458CF3D8129DCDE2830A188C9E0913,3E458CF3D8129DCD1F5AD20E9B813F02,2023-10-01 00:00:00,002,二氧化硫,,80,,0,0,2023-10-02 12:35:07,2023-10-02 12:35:07,20231001,敦化市中能环保电力有限公司
3E458CF3D8129DCDE2830A188C9E0913,3E458CF3D8129DCD1F5AD20E9B813F02,2023-10-01 00:00:00,003,氮氧化物,,250,,0,0,2023-10-02 12:35:07,2023-10-02 12:35:07,20231001,敦化市中能环保电力有限公司
3E458CF3D8129DCDE2830A188C9E0913,3E458CF3D8129DCD1F5AD20E9B813F02,2023-10-01 00:00:00,004,一氧化碳,,80,,0,0,2023-10-02 12:35:07,2023-10-02 12:35:07,20231001,敦化市中能环保电力有限公司
3E458CF3D8129DCDE2830A188C9E0913,3E458CF3D8129DCD1F5AD20E9B813F02,2023-10-01 00:00:00,008,氯化氢,,50,,0,0,2023-10-02 12:35:07,2023-10-02 12:35:07,20231001,敦化市中能环保电力有限公司
40159376105AF48A0FD5A78FF625350F5B6F989866F943A4FC24AF64E04210DD6DA936D9B59F664F,40159376105AF48A0FD5A78FF625350FB32B4768BE5C4A619B3D63FF09C123562F33DD9B7E7A0F59,2023-10-01 00:00:00,001,颗粒物,0.816,20,,0,0,2023-10-02 12:35:07,2023-10-02 12:35:07,20231001,国电投台前县综合智慧能源发展有限公司
40159376105AF48A0FD5A78FF625350F5B6F989866F943A4FC24AF64E04210DD6DA936D9B59F664F,40159376105AF48A0FD5A78FF625350FB32B4768BE5C4A619B3D63FF09C123562F33DD9B7E7A0F59,2023-10-01 00:00:00,002,二氧化硫,24.751,80,,0,0,2023-10-02 12:35:07,2023-10-02 12:35:07,20231001,国电投台前县综合智慧能源发展有限公司
40159376105AF48A0FD5A78FF625350F5B6F989866F943A4FC24AF64E04210DD6DA936D9B59F664F,40159376105AF48A0FD5A78FF625350FB32B4768BE5C4A619B3D63FF09C123562F33DD9B7E7A0F59,2023-10-01 00:00:00,003,氮氧化物,82.453,250,,0,0,2023-10-02 12:35:07,2023-10-02 12:35:07,20231001,国电投台前县综合智慧能源发展有限公司
40159376105AF48A0FD5A78FF625350F5B6F989866F943A4FC24AF64E04210DD6DA936D9B59F664F,40159376105AF48A0FD5A78FF625350FB32B4768BE5C4A619B3D63FF09C123562F33DD9B7E7A0F59,2023-10-01 00:00:00,004,一氧化碳,0.747,80,,0,0,2023-10-02 12:35:07,2023-10-02 12:35:07,20231001,国电投台前县综合智慧能源发展有限公司
40159376105AF48A0FD5A78FF625350F5B6F989866F943A4FC24AF64E04210DD6DA936D9B59F664F,40159376105AF48A0FD5A78FF625350FB32B4768BE5C4A619B3D63FF09C123562F33DD9B7E7A0F59,2023-10-01 00:00:00,008,氯化氢,0.745,50,,0,0,2023-10-02 12:35:07,2023-10-02 12:35:07,20231001,国电投台前县综合智慧能源发展有限公司
412C25AB1B9E7D5040E10DBB0CFB216E,412C25AB1B9E7D501F4B240A5356C70A,2023-10-01 00:00:00,001,颗粒物,8.009,20,,0,0,2023-10-02 12:35:07,2023-10-02 12:35:07,20231001,中节能（天水）环保能源有限公司
412C25AB1B9E7D5040E10DBB0CFB216E,412C25AB1B9E7D501F4B240A5356C70A,2023-10-01 00:00:00,002,二氧化硫,56.247,80,,0,0,2023-10-02 12:35:07,2023-10-02 12:35:07,20231001,中节能（天水）环保能源有限公司
412C25AB1B9E7D5040E10DBB0CFB216E,412C25AB1B9E7D501F4B240A5356C70A,2023-10-01 00:00:00,003,氮氧化物,99.879,250,,0,0,2023-10-02 12:35:07,2023-10-02 12:35:07,20231001,中节能（天水）环保能源有限公司
412C25AB1B9E7D5040E10DBB0CFB216E,412C25AB1B9E7D501F4B240A5356C70A,2023-10-01 00:00:00,004,一氧化碳,3.487,80,,0,0,2023-10-02 12:35:07,2023-10-02 12:35:07,20231001,中节能（天水）环保能源有限公司
412C25AB1B9E7D5040E10DBB0CFB216E,412C25AB1B9E7D501F4B240A5356C70A,2023-10-01 00:00:00,008,氯化氢,4.921,50,,0,0,2023-10-02 12:35:07,2023-10-02 12:35:07,20231001,中节能（天水）环保能源有限公司
41D2DFB41BC105B326B5ACAB6DE6FB48,41D2DFB41BC105B36CEA5CEE6F49E615,2023-10-01 00:00:00,001,颗粒物,,20,,0,0,2023-10-02 12:35:04,2023-10-02 12:35:04,20231001,温岭绿能新能源有限公司
41D2DFB41BC105B326B5ACAB6DE6FB48,41D2DFB41BC105B36CEA5CEE6F49E615,2023-10-01 00:00:00,002,二氧化硫,,80,,0,0,2023-10-02 12:35:04,2023-10-02 12:35:04,20231001,温岭绿能新能源有限公司
41D2DFB41BC105B326B5ACAB6DE6FB48,41D2DFB41BC105B36CEA5CEE6F49E615,2023-10-01 00:00:00,003,氮氧化物,,250,,0,0,2023-10-02 12:35:04,2023-10-02 12:35:04,20231001,温岭绿能新能源有限公司
41D2DFB41BC105B326B5ACAB6DE6FB48,41D2DFB41BC105B36CEA5CEE6F49E615,2023-10-01 00:00:00,004,一氧化碳,,80,,0,0,2023-10-02 12:35:04,2023-10-02 12:35:04,20231001,温岭绿能新能源有限公司
41D2DFB41BC105B326B5ACAB6DE6FB48,41D2DFB41BC105B36CEA5CEE6F49E615,2023-10-01 00:00:00,008,氯化氢,,50,,0,0,2023-10-02 12:35:04,2023-10-02 12:35:04,20231001,温岭绿能新能源有限公司
41D2DFB41BC105B326B5ACAB6DE6FB48,41D2DFB41BC105B3C031AA3002A103A4,2023-10-01 00:00:00,001,颗粒物,4.509,20,,0,0,2023-10-02 12:35:04,2023-10-02 12:35:04,20231001,温岭绿能新能源有限公司
41D2DFB41BC105B326B5ACAB6DE6FB48,41D2DFB41BC105B3C031AA3002A103A4,2023-10-01 00:00:00,002,二氧化硫,11.599,80,,0,0,2023-10-02 12:35:04,2023-10-02 12:35:04,20231001,温岭绿能新能源有限公司
41D2DFB41BC105B326B5ACAB6DE6FB48,41D2DFB41BC105B3C031AA3002A103A4,2023-10-01 00:00:00,003,氮氧化物,130.77,250,,0,0,2023-10-02 12:35:04,2023-10-02 12:35:04,20231001,温岭绿能新能源有限公司
41D2DFB41BC105B326B5ACAB6DE6FB48,41D2DFB41BC105B3C031AA3002A103A4,2023-10-01 00:00:00,004,一氧化碳,44.259,80,,0,0,2023-10-02 12:35:04,2023-10-02 12:35:04,20231001,温岭绿能新能源有限公司
41D2DFB41BC105B326B5ACAB6DE6FB48,41D2DFB41BC105B3C031AA3002A103A4,2023-10-01 00:00:00,008,氯化氢,10.039,50,,0,0,2023-10-02 12:35:04,2023-10-02 12:35:04,20231001,温岭绿能新能源有限公司
41D2DFB41BC105B326B5ACAB6DE6FB48,12B57166DB94E23955BEBD2EFCF5966CAC3EABED877148CFFE8917E108F9EF0989F5EFF6F1B7FFF6,2023-10-01 00:00:00,001,颗粒物,0.38,20,,0,0,2023-10-02 12:35:07,2023-10-02 12:35:07,20231001,温岭绿能新能源有限公司
41D2DFB41BC105B326B5ACAB6DE6FB48,12B57166DB94E23955BEBD2EFCF5966CAC3EABED877148CFFE8917E108F9EF0989F5EFF6F1B7FFF6,2023-10-01 00:00:00,002,二氧化硫,9.9,80,,0,0,2023-10-02 12:35:07,2023-10-02 12:35:07,20231001,温岭绿能新能源有限公司
41D2DFB41BC105B326B5ACAB6DE6FB48,12B57166DB94E23955BEBD2EFCF5966CAC3EABED877148CFFE8917E108F9EF0989F5EFF6F1B7FFF6,2023-10-01 00:00:00,003,氮氧化物,48.5,250,,0,0,2023-10-02 12:35:07,2023-10-02 12:35:07,20231001,温岭绿能新能源有限公司
41D2DFB41BC105B326B5ACAB6DE6FB48,12B57166DB94E23955BEBD2EFCF5966CAC3EABED877148CFFE8917E108F9EF0989F5EFF6F1B7FFF6,2023-10-01 00:00:00,004,一氧化碳,3.899,80,,0,0,2023-10-02 12:35:07,2023-10-02 12:35:07,20231001,温岭绿能新能源有限公司
41D2DFB41BC105B326B5ACAB6DE6FB48,12B57166DB94E23955BEBD2EFCF5966CAC3EABED877148CFFE8917E108F9EF0989F5EFF6F1B7FFF6,2023-10-01 00:00:00,008,氯化氢,8.3,50,,0,0,2023-10-02 12:35:07,2023-10-02 12:35:07,20231001,温岭绿能新能源有限公司
41D2DFB41BC105B34EE89F829193A87F,41D2DFB41BC105B3E00CC254AA7334B3,2023-10-01 00:00:00,001,颗粒物,0.39,20,,0,0,2023-10-02 12:35:03,2023-10-02 12:35:03,20231001,台州旺能再生资源利用有限公司
41D2DFB41BC105B34EE89F829193A87F,41D2DFB41BC105B3E00CC254AA7334B3,2023-10-01 00:00:00,002,二氧化硫,54.07,80,,0,0,2023-10-02 12:35:03,2023-10-02 12:35:03,20231001,台州旺能再生资源利用有限公司
41D2DFB41BC105B34EE89F829193A87F,41D2DFB41BC105B3E00CC254AA7334B3,2023-10-01 00:00:00,003,氮氧化物,152.21,250,,0,0,2023-10-02 12:35:03,2023-10-02 12:35:03,20231001,台州旺能再生资源利用有限公司
41D2DFB41BC105B34EE89F829193A87F,41D2DFB41BC105B3E00CC254AA7334B3,2023-10-01 00:00:00,004,一氧化碳,1.399,80,,0,0,2023-10-02 12:35:03,2023-10-02 12:35:03,20231001,台州旺能再生资源利用有限公司
41D2DFB41BC105B34EE89F829193A87F,41D2DFB41BC105B3E00CC254AA7334B3,2023-10-01 00:00:00,008,氯化氢,6.929,50,,0,0,2023-10-02 12:35:03,2023-10-02 12:35:03,20231001,台州旺能再生资源利用有限公司
43B1609E2DECD8DB172C34003D2A2755ED7FCE89A3DE633A7EDA7A528D40F70CCFD4E74B00CFC57A,43B1609E2DECD8DB172C34003D2A27559D939BF1F969193F1D3E5C4C21023FC70D2851E00066AEE4,2023-10-01 00:00:00,001,颗粒物,7.661,20,,0,0,2023-10-02 12:35:06,2023-10-02 12:35:06,20231001,光大绿色环保城乡再生能源（临洮）有限公司
43B1609E2DECD8DB172C34003D2A2755ED7FCE89A3DE633A7EDA7A528D40F70CCFD4E74B00CFC57A,43B1609E2DECD8DB172C34003D2A27559D939BF1F969193F1D3E5C4C21023FC70D2851E00066AEE4,2023-10-01 00:00:00,002,二氧化硫,20.088,80,,0,0,2023-10-02 12:35:06,2023-10-02 12:35:06,20231001,光大绿色环保城乡再生能源（临洮）有限公司
43B1609E2DECD8DB172C34003D2A2755ED7FCE89A3DE633A7EDA7A528D40F70CCFD4E74B00CFC57A,43B1609E2DECD8DB172C34003D2A27559D939BF1F969193F1D3E5C4C21023FC70D2851E00066AEE4,2023-10-01 00:00:00,003,氮氧化物,238.655,250,,0,0,2023-10-02 12:35:06,2023-10-02 12:35:06,20231001,光大绿色环保城乡再生能源（临洮）有限公司
43B1609E2DECD8DB172C34003D2A2755ED7FCE89A3DE633A7EDA7A528D40F70CCFD4E74B00CFC57A,43B1609E2DECD8DB172C34003D2A27559D939BF1F969193F1D3E5C4C21023FC70D2851E00066AEE4,2023-10-01 00:00:00,004,一氧化碳,2.322,80,,0,0,2023-10-02 12:35:06,2023-10-02 12:35:06,20231001,光大绿色环保城乡再生能源（临洮）有限公司
43B1609E2DECD8DB172C34003D2A2755ED7FCE89A3DE633A7EDA7A528D40F70CCFD4E74B00CFC57A,43B1609E2DECD8DB172C34003D2A27559D939BF1F969193F1D3E5C4C21023FC70D2851E00066AEE4,2023-10-01 00:00:00,008,氯化氢,1.155,50,,0,0,2023-10-02 12:35:06,2023-10-02 12:35:06,20231001,光大绿色环保城乡再生能源（临洮）有限公司
457020B7A3AAEB44C604C571F4BC0119,457020B7A3AAEB443EF1898E78FC9BCE,2023-10-01 00:00:00,001,颗粒物,1.361,10,,0,0,2023-10-02 12:35:06,2023-10-02 12:35:06,20231001,佛山市绿能环保有限公司
457020B7A3AAEB44C604C571F4BC0119,457020B7A3AAEB443EF1898E78FC9BCE,2023-10-01 00:00:00,002,二氧化硫,28.298,40,,0,0,2023-10-02 12:35:06,2023-10-02 12:35:06,20231001,佛山市绿能环保有限公司
457020B7A3AAEB44C604C571F4BC0119,457020B7A3AAEB443EF1898E78FC9BCE,2023-10-01 00:00:00,003,氮氧化物,59.696,80,,0,0,2023-10-02 12:35:06,2023-10-02 12:35:06,20231001,佛山市绿能环保有限公司
457020B7A3AAEB44C604C571F4BC0119,457020B7A3AAEB443EF1898E78FC9BCE,2023-10-01 00:00:00,004,一氧化碳,1.631,50,,0,0,2023-10-02 12:35:06,2023-10-02 12:35:06,20231001,佛山市绿能环保有限公司
457020B7A3AAEB44C604C571F4BC0119,457020B7A3AAEB443EF1898E78FC9BCE,2023-10-01 00:00:00,008,氯化氢,2.396,15,,0,0,2023-10-02 12:35:06,2023-10-02 12:35:06,20231001,佛山市绿能环保有限公司
457020B7A3AAEB44C604C571F4BC0119,457020B7A3AAEB44468B82B64D21558A,2023-10-01 00:00:00,001,颗粒物,1.474,10,,0,0,2023-10-02 12:35:06,2023-10-02 12:35:06,20231001,佛山市绿能环保有限公司
457020B7A3AAEB44C604C571F4BC0119,457020B7A3AAEB44468B82B64D21558A,2023-10-01 00:00:00,002,二氧化硫,30.058,40,,0,0,2023-10-02 12:35:06,2023-10-02 12:35:06,20231001,佛山市绿能环保有限公司
457020B7A3AAEB44C604C571F4BC0119,457020B7A3AAEB44468B82B64D21558A,2023-10-01 00:00:00,003,氮氧化物,63.023,80,,0,0,2023-10-02 12:35:06,2023-10-02 12:35:06,20231001,佛山市绿能环保有限公司
457020B7A3AAEB44C604C571F4BC0119,457020B7A3AAEB44468B82B64D21558A,2023-10-01 00:00:00,004,一氧化碳,4.119,50,,0,0,2023-10-02 12:35:06,2023-10-02 12:35:06,20231001,佛山市绿能环保有限公司
457020B7A3AAEB44C604C571F4BC0119,457020B7A3AAEB44468B82B64D21558A,2023-10-01 00:00:00,008,氯化氢,1.895,15,,0,0,2023-10-02 12:35:06,2023-10-02 12:35:06,20231001,佛山市绿能环保有限公司
457020B7A3AAEB44C604C571F4BC0119,457020B7A3AAEB4459E121318746752F,2023-10-01 00:00:00,001,颗粒物,2.669,10,,0,0,2023-10-02 12:35:06,2023-10-02 12:35:06,20231001,佛山市绿能环保有限公司
457020B7A3AAEB44C604C571F4BC0119,457020B7A3AAEB4459E121318746752F,2023-10-01 00:00:00,002,二氧化硫,29.291,40,,0,0,2023-10-02 12:35:06,2023-10-02 12:35:06,20231001,佛山市绿能环保有限公司
457020B7A3AAEB44C604C571F4BC0119,457020B7A3AAEB4459E121318746752F,2023-10-01 00:00:00,003,氮氧化物,58.723,80,,0,0,2023-10-02 12:35:06,2023-10-02 12:35:06,20231001,佛山市绿能环保有限公司
457020B7A3AAEB44C604C571F4BC0119,457020B7A3AAEB4459E121318746752F,2023-10-01 00:00:00,004,一氧化碳,2.942,50,,0,0,2023-10-02 12:35:06,2023-10-02 12:35:06,20231001,佛山市绿能环保有限公司
457020B7A3AAEB44C604C571F4BC0119,457020B7A3AAEB4459E121318746752F,2023-10-01 00:00:00,008,氯化氢,1.942,15,,0,0,2023-10-02 12:35:06,2023-10-02 12:35:06,20231001,佛山市绿能环保有限公司
457020B7A3AAEB44C604C571F4BC0119,457020B7A3AAEB4475E3D1F767EF0100,2023-10-01 00:00:00,001,颗粒物,1.182,10,,0,0,2023-10-02 12:35:06,2023-10-02 12:35:06,20231001,佛山市绿能环保有限公司
457020B7A3AAEB44C604C571F4BC0119,457020B7A3AAEB4475E3D1F767EF0100,2023-10-01 00:00:00,002,二氧化硫,30.44,40,,0,0,2023-10-02 12:35:06,2023-10-02 12:35:06,20231001,佛山市绿能环保有限公司
457020B7A3AAEB44C604C571F4BC0119,457020B7A3AAEB4475E3D1F767EF0100,2023-10-01 00:00:00,003,氮氧化物,67.166,80,,0,0,2023-10-02 12:35:06,2023-10-02 12:35:06,20231001,佛山市绿能环保有限公司
457020B7A3AAEB44C604C571F4BC0119,457020B7A3AAEB4475E3D1F767EF0100,2023-10-01 00:00:00,004,一氧化碳,2.875,50,,0,0,2023-10-02 12:35:06,2023-10-02 12:35:06,20231001,佛山市绿能环保有限公司
457020B7A3AAEB44C604C571F4BC0119,457020B7A3AAEB4475E3D1F767EF0100,2023-10-01 00:00:00,008,氯化氢,2.583,15,,0,0,2023-10-02 12:35:06,2023-10-02 12:35:06,20231001,佛山市绿能环保有限公司
457020B7A3AAEB44D9D3C94699AE30EB,457020B7A3AAEB441B39B8215084D341,2023-10-01 00:00:00,001,颗粒物,2.672,20,,0,0,2023-10-02 12:35:06,2023-10-02 12:35:06,20231001,瀚蓝绿电固废处理（佛山）有限公司
457020B7A3AAEB44D9D3C94699AE30EB,457020B7A3AAEB441B39B8215084D341,2023-10-01 00:00:00,002,二氧化硫,18.318,80,,0,0,2023-10-02 12:35:06,2023-10-02 12:35:06,20231001,瀚蓝绿电固废处理（佛山）有限公司
457020B7A3AAEB44D9D3C94699AE30EB,457020B7A3AAEB441B39B8215084D341,2023-10-01 00:00:00,003,氮氧化物,101.194,250,,0,0,2023-10-02 12:35:06,2023-10-02 12:35:06,20231001,瀚蓝绿电固废处理（佛山）有限公司
457020B7A3AAEB44D9D3C94699AE30EB,457020B7A3AAEB441B39B8215084D341,2023-10-01 00:00:00,004,一氧化碳,10.779,80,,0,0,2023-10-02 12:35:06,2023-10-02 12:35:06,20231001,瀚蓝绿电固废处理（佛山）有限公司
457020B7A3AAEB44D9D3C94699AE30EB,457020B7A3AAEB441B39B8215084D341,2023-10-01 00:00:00,008,氯化氢,5.131,50,,0,0,2023-10-02 12:35:06,2023-10-02 12:35:06,20231001,瀚蓝绿电固废处理（佛山）有限公司
457020B7A3AAEB44D9D3C94699AE30EB,457020B7A3AAEB449FBBA50DAC5C7C76,2023-10-01 00:00:00,001,颗粒物,1.562,20,,0,0,2023-10-02 12:35:06,2023-10-02 12:35:06,20231001,瀚蓝绿电固废处理（佛山）有限公司
457020B7A3AAEB44D9D3C94699AE30EB,457020B7A3AAEB449FBBA50DAC5C7C76,2023-10-01 00:00:00,002,二氧化硫,13.726,80,,0,0,2023-10-02 12:35:06,2023-10-02 12:35:06,20231001,瀚蓝绿电固废处理（佛山）有限公司
457020B7A3AAEB44D9D3C94699AE30EB,457020B7A3AAEB449FBBA50DAC5C7C76,2023-10-01 00:00:00,003,氮氧化物,100.212,250,,0,0,2023-10-02 12:35:06,2023-10-02 12:35:06,20231001,瀚蓝绿电固废处理（佛山）有限公司
457020B7A3AAEB44D9D3C94699AE30EB,457020B7A3AAEB449FBBA50DAC5C7C76,2023-10-01 00:00:00,004,一氧化碳,5.823,80,,0,0,2023-10-02 12:35:06,2023-10-02 12:35:06,20231001,瀚蓝绿电固废处理（佛山）有限公司
457020B7A3AAEB44D9D3C94699AE30EB,457020B7A3AAEB449FBBA50DAC5C7C76,2023-10-01 00:00:00,008,氯化氢,9.342,50,,0,0,2023-10-02 12:35:06,2023-10-02 12:35:06,20231001,瀚蓝绿电固废处理（佛山）有限公司
457020B7A3AAEB44D9D3C94699AE30EB,457020B7A3AAEB44C62AB1B88B466725,2023-10-01 00:00:00,001,颗粒物,2.636,20,,0,0,2023-10-02 12:35:06,2023-10-02 12:35:06,20231001,瀚蓝绿电固废处理（佛山）有限公司
457020B7A3AAEB44D9D3C94699AE30EB,457020B7A3AAEB44C62AB1B88B466725,2023-10-01 00:00:00,002,二氧化硫,20.449,80,,0,0,2023-10-02 12:35:06,2023-10-02 12:35:06,20231001,瀚蓝绿电固废处理（佛山）有限公司
457020B7A3AAEB44D9D3C94699AE30EB,457020B7A3AAEB44C62AB1B88B466725,2023-10-01 00:00:00,003,氮氧化物,96.953,250,,0,0,2023-10-02 12:35:06,2023-10-02 12:35:06,20231001,瀚蓝绿电固废处理（佛山）有限公司
457020B7A3AAEB44D9D3C94699AE30EB,457020B7A3AAEB44C62AB1B88B466725,2023-10-01 00:00:00,004,一氧化碳,9.128,80,,0,0,2023-10-02 12:35:06,2023-10-02 12:35:06,20231001,瀚蓝绿电固废处理（佛山）有限公司
457020B7A3AAEB44D9D3C94699AE30EB,457020B7A3AAEB44C62AB1B88B466725,2023-10-01 00:00:00,008,氯化氢,5.578,50,,0,0,2023-10-02 12:35:06,2023-10-02 12:35:06,20231001,瀚蓝绿电固废处理（佛山）有限公司
457020B7A3AAEB44D9D3C94699AE30EB,457020B7A3AAEB4417D77FC5B1381A2E,2023-10-01 00:00:00,001,颗粒物,0.445,20,,0,0,2023-10-02 12:35:06,2023-10-02 12:35:06,20231001,瀚蓝绿电固废处理（佛山）有限公司
457020B7A3AAEB44D9D3C94699AE30EB,457020B7A3AAEB4417D77FC5B1381A2E,2023-10-01 00:00:00,002,二氧化硫,13.666,80,,0,0,2023-10-02 12:35:06,2023-10-02 12:35:06,20231001,瀚蓝绿电固废处理（佛山）有限公司
457020B7A3AAEB44D9D3C94699AE30EB,457020B7A3AAEB4417D77FC5B1381A2E,2023-10-01 00:00:00,003,氮氧化物,88.448,250,,0,0,2023-10-02 12:35:06,2023-10-02 12:35:06,20231001,瀚蓝绿电固废处理（佛山）有限公司
457020B7A3AAEB44D9D3C94699AE30EB,457020B7A3AAEB4417D77FC5B1381A2E,2023-10-01 00:00:00,004,一氧化碳,21.711,80,,0,0,2023-10-02 12:35:06,2023-10-02 12:35:06,20231001,瀚蓝绿电固废处理（佛山）有限公司
457020B7A3AAEB44D9D3C94699AE30EB,457020B7A3AAEB4417D77FC5B1381A2E,2023-10-01 00:00:00,008,氯化氢,7.613,50,,0,0,2023-10-02 12:35:06,2023-10-02 12:35:06,20231001,瀚蓝绿电固废处理（佛山）有限公司
457020B7A3AAEB44D9D3C94699AE30EB,457020B7A3AAEB4404AD32021B8DFEAC,2023-10-01 00:00:00,001,颗粒物,0.488,20,,0,0,2023-10-02 12:35:06,2023-10-02 12:35:06,20231001,瀚蓝绿电固废处理（佛山）有限公司
457020B7A3AAEB44D9D3C94699AE30EB,457020B7A3AAEB4404AD32021B8DFEAC,2023-10-01 00:00:00,002,二氧化硫,14.782,80,,0,0,2023-10-02 12:35:06,2023-10-02 12:35:06,20231001,瀚蓝绿电固废处理（佛山）有限公司
457020B7A3AAEB44D9D3C94699AE30EB,457020B7A3AAEB4404AD32021B8DFEAC,2023-10-01 00:00:00,003,氮氧化物,77.352,250,,0,0,2023-10-02 12:35:06,2023-10-02 12:35:06,20231001,瀚蓝绿电固废处理（佛山）有限公司
457020B7A3AAEB44D9D3C94699AE30EB,457020B7A3AAEB4404AD32021B8DFEAC,2023-10-01 00:00:00,004,一氧化碳,27.763,80,,0,0,2023-10-02 12:35:06,2023-10-02 12:35:06,20231001,瀚蓝绿电固废处理（佛山）有限公司
457020B7A3AAEB44D9D3C94699AE30EB,457020B7A3AAEB4404AD32021B8DFEAC,2023-10-01 00:00:00,008,氯化氢,10.092,50,,0,0,2023-10-02 12:35:06,2023-10-02 12:35:06,20231001,瀚蓝绿电固废处理（佛山）有限公司
457020B7A3AAEB44D9D3C94699AE30EB,457020B7A3AAEB448F3312E4D705C110,2023-10-01 00:00:00,001,颗粒物,2.775,20,,0,0,2023-10-02 12:35:06,2023-10-02 12:35:06,20231001,瀚蓝绿电固废处理（佛山）有限公司
457020B7A3AAEB44D9D3C94699AE30EB,457020B7A3AAEB448F3312E4D705C110,2023-10-01 00:00:00,002,二氧化硫,9.336,80,,0,0,2023-10-02 12:35:06,2023-10-02 12:35:06,20231001,瀚蓝绿电固废处理（佛山）有限公司
457020B7A3AAEB44D9D3C94699AE30EB,457020B7A3AAEB448F3312E4D705C110,2023-10-01 00:00:00,003,氮氧化物,100.62,250,,0,0,2023-10-02 12:35:06,2023-10-02 12:35:06,20231001,瀚蓝绿电固废处理（佛山）有限公司
457020B7A3AAEB44D9D3C94699AE30EB,457020B7A3AAEB448F3312E4D705C110,2023-10-01 00:00:00,004,一氧化碳,8.14,80,,0,0,2023-10-02 12:35:06,2023-10-02 12:35:06,20231001,瀚蓝绿电固废处理（佛山）有限公司
457020B7A3AAEB44D9D3C94699AE30EB,457020B7A3AAEB448F3312E4D705C110,2023-10-01 00:00:00,008,氯化氢,17.193,50,,0,0,2023-10-02 12:35:06,2023-10-02 12:35:06,20231001,瀚蓝绿电固废处理（佛山）有限公司
457020B7A3AAEB44D9D3C94699AE30EB,457020B7A3AAEB44EEF86F03CA92FC75,2023-10-01 00:00:00,001,颗粒物,,20,CEMS维护,0,0,2023-10-02 12:35:06,2023-10-02 12:35:06,20231001,瀚蓝绿电固废处理（佛山）有限公司
457020B7A3AAEB44D9D3C94699AE30EB,457020B7A3AAEB44EEF86F03CA92FC75,2023-10-01 00:00:00,002,二氧化硫,,80,CEMS维护,0,0,2023-10-02 12:35:06,2023-10-02 12:35:06,20231001,瀚蓝绿电固废处理（佛山）有限公司
457020B7A3AAEB44D9D3C94699AE30EB,457020B7A3AAEB44EEF86F03CA92FC75,2023-10-01 00:00:00,003,氮氧化物,,250,CEMS维护,0,0,2023-10-02 12:35:06,2023-10-02 12:35:06,20231001,瀚蓝绿电固废处理（佛山）有限公司
457020B7A3AAEB44D9D3C94699AE30EB,457020B7A3AAEB44EEF86F03CA92FC75,2023-10-01 00:00:00,004,一氧化碳,,80,CEMS维护,0,0,2023-10-02 12:35:06,2023-10-02 12:35:06,20231001,瀚蓝绿电固废处理（佛山）有限公司
457020B7A3AAEB44D9D3C94699AE30EB,457020B7A3AAEB44EEF86F03CA92FC75,2023-10-01 00:00:00,008,氯化氢,,50,CEMS维护,0,0,2023-10-02 12:35:06,2023-10-02 12:35:06,20231001,瀚蓝绿电固废处理（佛山）有限公司
457020B7A3AAEB44D9D3C94699AE30EB,457020B7A3AAEB44E4527F550ABE927B,2023-10-01 00:00:00,001,颗粒物,3.149,20,,0,0,2023-10-02 12:35:06,2023-10-02 12:35:06,20231001,瀚蓝绿电固废处理（佛山）有限公司
457020B7A3AAEB44D9D3C94699AE30EB,457020B7A3AAEB44E4527F550ABE927B,2023-10-01 00:00:00,002,二氧化硫,22.85,80,,0,0,2023-10-02 12:35:06,2023-10-02 12:35:06,20231001,瀚蓝绿电固废处理（佛山）有限公司
457020B7A3AAEB44D9D3C94699AE30EB,457020B7A3AAEB44E4527F550ABE927B,2023-10-01 00:00:00,003,氮氧化物,105.906,250,,0,0,2023-10-02 12:35:06,2023-10-02 12:35:06,20231001,瀚蓝绿电固废处理（佛山）有限公司
457020B7A3AAEB44D9D3C94699AE30EB,457020B7A3AAEB44E4527F550ABE927B,2023-10-01 00:00:00,004,一氧化碳,10.102,80,,0,0,2023-10-02 12:35:06,2023-10-02 12:35:06,20231001,瀚蓝绿电固废处理（佛山）有限公司
457020B7A3AAEB44D9D3C94699AE30EB,457020B7A3AAEB44E4527F550ABE927B,2023-10-01 00:00:00,008,氯化氢,10.102,50,,0,0,2023-10-02 12:35:06,2023-10-02 12:35:06,20231001,瀚蓝绿电固废处理（佛山）有限公司
4571E0368A745476884E5934DCFDD9A1,4571E0368A74547638436D639561E3D9,2023-10-01 00:00:00,001,颗粒物,14.515,20,CEMS维护,0,0,2023-10-02 12:35:05,2023-10-02 12:35:05,20231001,满洲里海创环保科技有限责任公司
4571E0368A745476884E5934DCFDD9A1,4571E0368A74547638436D639561E3D9,2023-10-01 00:00:00,002,二氧化硫,13.266,80,CEMS维护,0,0,2023-10-02 12:35:05,2023-10-02 12:35:05,20231001,满洲里海创环保科技有限责任公司
4571E0368A745476884E5934DCFDD9A1,4571E0368A74547638436D639561E3D9,2023-10-01 00:00:00,003,氮氧化物,213.991,250,CEMS维护,0,0,2023-10-02 12:35:05,2023-10-02 12:35:05,20231001,满洲里海创环保科技有限责任公司
4571E0368A745476884E5934DCFDD9A1,4571E0368A74547638436D639561E3D9,2023-10-01 00:00:00,004,一氧化碳,2.726,80,CEMS维护,0,0,2023-10-02 12:35:05,2023-10-02 12:35:05,20231001,满洲里海创环保科技有限责任公司
4571E0368A745476884E5934DCFDD9A1,4571E0368A74547638436D639561E3D9,2023-10-01 00:00:00,008,氯化氢,24.4,50,CEMS维护,0,0,2023-10-02 12:35:05,2023-10-02 12:35:05,20231001,满洲里海创环保科技有限责任公司
4588CB97B8AEEC9606C470540EFE69AA,4588CB97B8AEEC96CD00BCDC72C85E69,2023-10-01 00:00:00,001,颗粒物,0.498,20,,0,0,2023-10-02 12:35:06,2023-10-02 12:35:06,20231001,杭州萧山城市绿色能源有限公司
4588CB97B8AEEC9606C470540EFE69AA,4588CB97B8AEEC96CD00BCDC72C85E69,2023-10-01 00:00:00,002,二氧化硫,9.416,80,,0,0,2023-10-02 12:35:06,2023-10-02 12:35:06,20231001,杭州萧山城市绿色能源有限公司
4588CB97B8AEEC9606C470540EFE69AA,4588CB97B8AEEC96CD00BCDC72C85E69,2023-10-01 00:00:00,003,氮氧化物,54.984,250,,0,0,2023-10-02 12:35:06,2023-10-02 12:35:06,20231001,杭州萧山城市绿色能源有限公司
4588CB97B8AEEC9606C470540EFE69AA,4588CB97B8AEEC96CD00BCDC72C85E69,2023-10-01 00:00:00,004,一氧化碳,24.05,80,,0,0,2023-10-02 12:35:06,2023-10-02 12:35:06,20231001,杭州萧山城市绿色能源有限公司
4588CB97B8AEEC9606C470540EFE69AA,4588CB97B8AEEC96CD00BCDC72C85E69,2023-10-01 00:00:00,008,氯化氢,17.096,50,,0,0,2023-10-02 12:35:06,2023-10-02 12:35:06,20231001,杭州萧山城市绿色能源有限公司
4588CB97B8AEEC9606C470540EFE69AA,4588CB97B8AEEC9653F3187486CB84FF,2023-10-01 00:00:00,001,颗粒物,0.266,20,,0,0,2023-10-02 12:35:06,2023-10-02 12:35:06,20231001,杭州萧山城市绿色能源有限公司
4588CB97B8AEEC9606C470540EFE69AA,4588CB97B8AEEC9653F3187486CB84FF,2023-10-01 00:00:00,002,二氧化硫,24.577,80,,0,0,2023-10-02 12:35:06,2023-10-02 12:35:06,20231001,杭州萧山城市绿色能源有限公司
4588CB97B8AEEC9606C470540EFE69AA,4588CB97B8AEEC9653F3187486CB84FF,2023-10-01 00:00:00,003,氮氧化物,68.621,250,,0,0,2023-10-02 12:35:06,2023-10-02 12:35:06,20231001,杭州萧山城市绿色能源有限公司
4588CB97B8AEEC9606C470540EFE69AA,4588CB97B8AEEC9653F3187486CB84FF,2023-10-01 00:00:00,004,一氧化碳,25.644,80,,0,0,2023-10-02 12:35:06,2023-10-02 12:35:06,20231001,杭州萧山城市绿色能源有限公司
4588CB97B8AEEC9606C470540EFE69AA,4588CB97B8AEEC9653F3187486CB84FF,2023-10-01 00:00:00,008,氯化氢,10.417,50,,0,0,2023-10-02 12:35:06,2023-10-02 12:35:06,20231001,杭州萧山城市绿色能源有限公司
4588CB97B8AEEC9606C470540EFE69AA,4588CB97B8AEEC96653297EEC92490C7,2023-10-01 00:00:00,001,颗粒物,,20,,0,0,2023-10-02 12:35:06,2023-10-02 12:35:06,20231001,杭州萧山城市绿色能源有限公司
4588CB97B8AEEC9606C470540EFE69AA,4588CB97B8AEEC96653297EEC92490C7,2023-10-01 00:00:00,002,二氧化硫,,80,,0,0,2023-10-02 12:35:06,2023-10-02 12:35:06,20231001,杭州萧山城市绿色能源有限公司
4588CB97B8AEEC9606C470540EFE69AA,4588CB97B8AEEC96653297EEC92490C7,2023-10-01 00:00:00,003,氮氧化物,,250,,0,0,2023-10-02 12:35:06,2023-10-02 12:35:06,20231001,杭州萧山城市绿色能源有限公司
4588CB97B8AEEC9606C470540EFE69AA,4588CB97B8AEEC96653297EEC92490C7,2023-10-01 00:00:00,004,一氧化碳,,80,,0,0,2023-10-02 12:35:06,2023-10-02 12:35:06,20231001,杭州萧山城市绿色能源有限公司
4588CB97B8AEEC9606C470540EFE69AA,4588CB97B8AEEC96653297EEC92490C7,2023-10-01 00:00:00,008,氯化氢,,50,,0,0,2023-10-02 12:35:06,2023-10-02 12:35:06,20231001,杭州萧山城市绿色能源有限公司
4588CB97B8AEEC9609C12FE074631990,4588CB97B8AEEC96CCB18E6C463367BA,2023-10-01 00:00:00,001,颗粒物,0.98,20,,0,0,2023-10-02 12:35:06,2023-10-02 12:35:06,20231001,光大环境能源（杭州富阳）有限公司
4588CB97B8AEEC9609C12FE074631990,4588CB97B8AEEC96CCB18E6C463367BA,2023-10-01 00:00:00,002,二氧化硫,0.881,80,,0,0,2023-10-02 12:35:06,2023-10-02 12:35:06,20231001,光大环境能源（杭州富阳）有限公司
4588CB97B8AEEC9609C12FE074631990,4588CB97B8AEEC96CCB18E6C463367BA,2023-10-01 00:00:00,003,氮氧化物,59.783,90,,0,0,2023-10-02 12:35:06,2023-10-02 12:35:06,20231001,光大环境能源（杭州富阳）有限公司
4588CB97B8AEEC9609C12FE074631990,4588CB97B8AEEC96CCB18E6C463367BA,2023-10-01 00:00:00,004,一氧化碳,4.342,80,,0,0,2023-10-02 12:35:06,2023-10-02 12:35:06,20231001,光大环境能源（杭州富阳）有限公司
4588CB97B8AEEC9609C12FE074631990,4588CB97B8AEEC96CCB18E6C463367BA,2023-10-01 00:00:00,008,氯化氢,1.663,10,,0,0,2023-10-02 12:35:06,2023-10-02 12:35:06,20231001,光大环境能源（杭州富阳）有限公司
4588CB97B8AEEC9609C12FE074631990,4588CB97B8AEEC9686E7B6032A77A010,2023-10-01 00:00:00,001,颗粒物,0.569,20,,0,0,2023-10-02 12:35:06,2023-10-02 12:35:06,20231001,光大环境能源（杭州富阳）有限公司
4588CB97B8AEEC9609C12FE074631990,4588CB97B8AEEC9686E7B6032A77A010,2023-10-01 00:00:00,002,二氧化硫,1.792,80,,0,0,2023-10-02 12:35:06,2023-10-02 12:35:06,20231001,光大环境能源（杭州富阳）有限公司
4588CB97B8AEEC9609C12FE074631990,4588CB97B8AEEC9686E7B6032A77A010,2023-10-01 00:00:00,003,氮氧化物,62.939,90,,0,0,2023-10-02 12:35:06,2023-10-02 12:35:06,20231001,光大环境能源（杭州富阳）有限公司
4588CB97B8AEEC9609C12FE074631990,4588CB97B8AEEC9686E7B6032A77A010,2023-10-01 00:00:00,004,一氧化碳,10.105,80,,0,0,2023-10-02 12:35:06,2023-10-02 12:35:06,20231001,光大环境能源（杭州富阳）有限公司
4588CB97B8AEEC9609C12FE074631990,4588CB97B8AEEC9686E7B6032A77A010,2023-10-01 00:00:00,008,氯化氢,1.532,10,,0,0,2023-10-02 12:35:06,2023-10-02 12:35:06,20231001,光大环境能源（杭州富阳）有限公司
4588CB97B8AEEC961AF019E4492E3A8C,4588CB97B8AEEC961AE9B16F2A8CFA0A,2023-10-01 00:00:00,001,颗粒物,0.54,20,,0,0,2023-10-02 12:35:07,2023-10-02 12:35:07,20231001,临安绿能环保发电有限公司
4588CB97B8AEEC961AF019E4492E3A8C,4588CB97B8AEEC961AE9B16F2A8CFA0A,2023-10-01 00:00:00,002,二氧化硫,18.73,80,,0,0,2023-10-02 12:35:07,2023-10-02 12:35:07,20231001,临安绿能环保发电有限公司
4588CB97B8AEEC961AF019E4492E3A8C,4588CB97B8AEEC961AE9B16F2A8CFA0A,2023-10-01 00:00:00,003,氮氧化物,157.539,250,,0,0,2023-10-02 12:35:07,2023-10-02 12:35:07,20231001,临安绿能环保发电有限公司
4588CB97B8AEEC961AF019E4492E3A8C,4588CB97B8AEEC961AE9B16F2A8CFA0A,2023-10-01 00:00:00,004,一氧化碳,14.679,80,,0,0,2023-10-02 12:35:07,2023-10-02 12:35:07,20231001,临安绿能环保发电有限公司
4588CB97B8AEEC961AF019E4492E3A8C,4588CB97B8AEEC961AE9B16F2A8CFA0A,2023-10-01 00:00:00,008,氯化氢,9.759,50,,0,0,2023-10-02 12:35:07,2023-10-02 12:35:07,20231001,临安绿能环保发电有限公司
4588CB97B8AEEC961AF019E4492E3A8C,4588CB97B8AEEC960C505DF1C2410E2E,2023-10-01 00:00:00,001,颗粒物,0.11,20,,0,0,2023-10-02 12:35:07,2023-10-02 12:35:07,20231001,临安绿能环保发电有限公司
4588CB97B8AEEC961AF019E4492E3A8C,4588CB97B8AEEC960C505DF1C2410E2E,2023-10-01 00:00:00,002,二氧化硫,23.469,80,,0,0,2023-10-02 12:35:07,2023-10-02 12:35:07,20231001,临安绿能环保发电有限公司
4588CB97B8AEEC961AF019E4492E3A8C,4588CB97B8AEEC960C505DF1C2410E2E,2023-10-01 00:00:00,003,氮氧化物,185.469,250,,0,0,2023-10-02 12:35:07,2023-10-02 12:35:07,20231001,临安绿能环保发电有限公司
4588CB97B8AEEC961AF019E4492E3A8C,4588CB97B8AEEC960C505DF1C2410E2E,2023-10-01 00:00:00,004,一氧化碳,9.13,80,,0,0,2023-10-02 12:35:07,2023-10-02 12:35:07,20231001,临安绿能环保发电有限公司
4588CB97B8AEEC961AF019E4492E3A8C,4588CB97B8AEEC960C505DF1C2410E2E,2023-10-01 00:00:00,008,氯化氢,15.16,50,,0,0,2023-10-02 12:35:07,2023-10-02 12:35:07,20231001,临安绿能环保发电有限公司
4588CB97B8AEEC9651F1368C155B7410,4588CB97B8AEEC962A4A9290B4E8B52B,2023-10-01 00:00:00,001,颗粒物,1.925,20,,0,0,2023-10-02 12:35:06,2023-10-02 12:35:06,20231001,光大环保能源（淳安）有限公司
4588CB97B8AEEC9651F1368C155B7410,4588CB97B8AEEC962A4A9290B4E8B52B,2023-10-01 00:00:00,002,二氧化硫,22.28,80,,0,0,2023-10-02 12:35:06,2023-10-02 12:35:06,20231001,光大环保能源（淳安）有限公司
4588CB97B8AEEC9651F1368C155B7410,4588CB97B8AEEC962A4A9290B4E8B52B,2023-10-01 00:00:00,003,氮氧化物,75.362,250,,0,0,2023-10-02 12:35:06,2023-10-02 12:35:06,20231001,光大环保能源（淳安）有限公司
4588CB97B8AEEC9651F1368C155B7410,4588CB97B8AEEC962A4A9290B4E8B52B,2023-10-01 00:00:00,004,一氧化碳,4.681,80,,0,0,2023-10-02 12:35:06,2023-10-02 12:35:06,20231001,光大环保能源（淳安）有限公司
4588CB97B8AEEC9651F1368C155B7410,4588CB97B8AEEC962A4A9290B4E8B52B,2023-10-01 00:00:00,008,氯化氢,7.974,50,,0,0,2023-10-02 12:35:06,2023-10-02 12:35:06,20231001,光大环保能源（淳安）有限公司
